timestamp,gatewayId,nodeId,status,vibX,vibY,vibZ,rssi
2026-06-10T12:10:51.909Z,1780911823730,1780912590722,2,248,92,0,0
2026-06-10T12:10:54.932Z,1780911823730,1780912590722,2,249,92,0,0
2026-06-10T12:10:57.952Z,1780911823730,1780912590722,1,240,92,0,0
2026-06-10T12:11:00.967Z,1780911823730,1780912590722,1,240,92,0,0
2026-06-10T12:11:03.982Z,1780911823730,1780912590722,1,242,92,0,0
2026-06-10T12:11:07.001Z,1780911823730,1780912590722,1,236,92,0,0
2026-06-10T12:11:10.011Z,1780911823730,1780912590722,1,246,92,0,0
2026-06-10T12:11:13.029Z,1780911823730,1780912590722,1,241,92,0,0
2026-06-10T12:11:16.044Z,1780911823730,1780912590722,1,231,92,0,0
2026-06-10T12:11:19.059Z,1780911823730,1780912590722,1,231,92,0,0
2026-06-10T12:11:22.072Z,1780911823730,1780912590722,1,233,92,0,0
2026-06-10T12:11:25.077Z,1780911823730,1780912590722,1,233,92,0,0
2026-06-10T12:11:28.085Z,1780911823730,1780912590722,2,248,92,0,0
2026-06-10T12:11:31.092Z,1780911823730,1780912590722,1,230,92,0,0
2026-06-10T12:11:34.112Z,1780911823730,1780912590722,1,236,92,0,0
2026-06-10T12:11:37.117Z,1780911823730,1780912590722,1,232,92,0,0
2026-06-10T12:11:40.127Z,1780911823730,1780912590722,1,247,92,0,0
2026-06-10T12:11:43.148Z,1780911823730,1780912590722,2,249,92,0,0
2026-06-10T12:11:46.156Z,1780911823730,1780912590722,1,244,92,0,0
2026-06-10T12:11:49.168Z,1780911823730,1780912590722,1,245,92,0,0
2026-06-10T12:11:55.197Z,1780911823730,1780912590722,1,242,92,0,0
2026-06-10T12:12:01.221Z,1780911823730,1780912590722,2,248,92,0,0
2026-06-10T12:12:07.254Z,1780911823730,1780912590722,1,247,92,0,0
2026-06-10T12:12:10.259Z,1780911823730,1780912590722,1,233,92,0,0
2026-06-10T12:12:13.274Z,1780911823730,1780912590722,1,237,92,0,0
2026-06-10T12:12:16.287Z,1780911823730,1780912590722,2,249,92,0,0
2026-06-10T12:12:19.296Z,1780911823730,1780912590722,1,240,92,0,0
2026-06-10T12:12:22.312Z,1780911823730,1780912590722,1,233,92,0,0
2026-06-10T12:12:25.319Z,1780911823730,1780912590722,1,239,92,0,0
2026-06-10T12:12:28.336Z,1780911823730,1780912590722,1,235,92,0,0
2026-06-10T12:12:31.348Z,1780911823730,1780912590722,1,234,92,0,0
2026-06-10T12:12:34.361Z,1780911823730,1780912590722,1,231,92,0,0
2026-06-10T12:12:37.371Z,1780911823730,1780912590722,1,233,92,0,0
2026-06-10T12:12:40.390Z,1780911823730,1780912590722,1,231,92,0,0
2026-06-10T12:12:43.407Z,1780911823730,1780912590722,1,244,92,0,0
2026-06-10T12:12:46.422Z,1780911823730,1780912590722,1,230,92,0,0
2026-06-10T12:12:49.432Z,1780911823730,1780912590722,1,238,92,0,0
2026-06-10T12:12:52.441Z,1780911823730,1780912590722,1,233,92,0,0
2026-06-10T12:12:55.448Z,1780911823730,1780912590722,1,234,92,0,0
2026-06-10T12:12:58.453Z,1780911823730,1780912590722,1,233,92,0,0
2026-06-10T12:13:01.462Z,1780911823730,1780912590722,1,238,92,0,0
2026-06-10T12:13:04.472Z,1780911823730,1780912590722,1,246,92,0,0
2026-06-10T12:13:07.491Z,1780911823730,1780912590722,1,231,92,0,0
2026-06-10T12:13:10.512Z,1780911823730,1780912590722,1,230,92,0,0
2026-06-10T12:13:13.521Z,1780911823730,1780912590722,1,244,92,0,0
2026-06-10T12:13:16.538Z,1780911823730,1780912590722,2,249,92,0,0
2026-06-10T12:13:19.560Z,1780911823730,1780912590722,1,237,92,0,0
2026-06-10T12:13:22.578Z,1780911823730,1780912590722,2,249,92,0,0
2026-06-10T12:13:25.587Z,1780911823730,1780912590722,1,236,92,0,0
2026-06-10T12:13:28.601Z,1780911823730,1780912590722,1,235,92,0,0
2026-06-10T12:13:31.606Z,1780911823730,1780912590722,1,236,92,0,0
2026-06-10T12:13:34.614Z,1780911823730,1780912590722,1,247,92,0,0
2026-06-10T12:13:37.632Z,1780911823730,1780912590722,1,246,92,0,0
2026-06-10T12:13:40.648Z,1780911823730,1780912590722,1,238,92,0,0
2026-06-10T12:13:43.675Z,1780911823730,1780912590722,1,246,92,0,0
2026-06-10T12:13:46.695Z,1780911823730,1780912590722,1,241,92,0,0
2026-06-10T12:13:49.707Z,1780911823730,1780912590722,1,238,92,0,0
2026-06-10T12:13:52.712Z,1780911823730,1780912590722,1,245,92,0,0
2026-06-10T12:13:55.720Z,1780911823730,1780912590722,1,235,92,0,0
2026-06-10T12:13:58.724Z,1780911823730,1780912590722,1,241,92,0,0
2026-06-10T12:14:01.743Z,1780911823730,1780912590722,1,238,92,0,0
2026-06-10T12:14:04.748Z,1780911823730,1780912590722,1,239,92,0,0
2026-06-10T12:14:07.760Z,1780911823730,1780912590722,1,246,92,0,0
2026-06-10T12:14:10.767Z,1780911823730,1780912590722,1,235,92,0,0
2026-06-10T12:14:13.774Z,1780911823730,1780912590722,1,235,92,0,0
2026-06-10T12:14:16.787Z,1780911823730,1780912590722,1,233,92,0,0
2026-06-10T12:14:19.794Z,1780911823730,1780912590722,1,233,92,0,0
2026-06-10T12:14:22.800Z,1780911823730,1780912590722,1,239,92,0,0
2026-06-10T12:14:25.805Z,1780911823730,1780912590722,1,242,92,0,0
2026-06-10T12:14:28.813Z,1780911823730,1780912590722,1,232,92,0,0
2026-06-10T12:14:31.818Z,1780911823730,1780912590722,1,232,92,0,0
2026-06-10T12:14:34.832Z,1780911823730,1780912590722,1,241,92,0,0
2026-06-10T12:14:37.840Z,1780911823730,1780912590722,1,247,92,0,0
2026-06-10T12:14:40.845Z,1780911823730,1780912590722,1,231,92,0,0
2026-06-10T12:14:43.851Z,1780911823730,1780912590722,2,249,92,0,0
2026-06-10T12:14:46.861Z,1780911823730,1780912590722,1,230,92,0,0
2026-06-10T12:14:49.867Z,1780911823730,1780912590722,1,235,92,0,0
2026-06-10T12:14:52.877Z,1780911823730,1780912590722,1,233,92,0,0
2026-06-10T12:14:55.886Z,1780911823730,1780912590722,1,239,92,0,0
2026-06-10T12:14:58.904Z,1780911823730,1780912590722,1,233,92,0,0
2026-06-10T12:15:01.924Z,1780911823730,1780912590722,1,230,92,0,0
2026-06-10T12:15:04.938Z,1780911823730,1780912590722,1,231,92,0,0
2026-06-10T12:15:07.951Z,1780911823730,1780912590722,1,234,92,0,0
2026-06-10T12:15:10.972Z,1780911823730,1780912590722,1,230,92,0,0
2026-06-10T12:15:13.988Z,1780911823730,1780912590722,1,245,92,0,0
2026-06-10T12:15:17.002Z,1780911823730,1780912590722,2,249,92,0,0
2026-06-10T12:15:20.006Z,1780911823730,1780912590722,1,231,92,0,0
2026-06-10T12:15:23.021Z,1780911823730,1780912590722,1,238,92,0,0
2026-06-10T12:15:26.039Z,1780911823730,1780912590722,1,239,92,0,0
2026-06-10T12:15:29.046Z,1780911823730,1780912590722,1,239,92,0,0
2026-06-10T12:15:32.052Z,1780911823730,1780912590722,1,230,92,0,0
2026-06-10T12:15:35.058Z,1780911823730,1780912590722,1,235,92,0,0
2026-06-10T12:15:38.067Z,1780911823730,1780912590722,2,249,92,0,0
2026-06-10T12:15:41.076Z,1780911823730,1780912590722,1,244,92,0,0
2026-06-10T12:15:44.086Z,1780911823730,1780912590722,1,236,92,0,0
2026-06-10T12:15:47.106Z,1780911823730,1780912590722,1,247,92,0,0
2026-06-10T12:15:50.112Z,1780911823730,1780912590722,1,244,92,0,0
2026-06-10T12:15:53.120Z,1780911823730,1780912590722,1,245,92,0,0
2026-06-10T12:15:56.149Z,1780911823730,1780912590722,1,233,92,0,0
2026-06-10T12:15:59.162Z,1780911823730,1780912590722,2,248,92,0,0
2026-06-10T12:16:02.170Z,1780911823730,1780912590722,1,234,92,0,0
2026-06-10T12:16:05.180Z,1780911823730,1780912590722,2,248,92,0,0
2026-06-10T12:16:08.194Z,1780911823730,1780912590722,1,234,92,0,0
2026-06-10T12:16:11.202Z,1780911823730,1780912590722,1,235,92,0,0
2026-06-10T12:16:14.208Z,1780911823730,1780912590722,1,233,92,0,0
2026-06-10T12:16:17.218Z,1780911823730,1780912590722,1,241,92,0,0
2026-06-10T12:16:20.228Z,1780911823730,1780912590722,1,233,92,0,0
2026-06-10T12:16:23.236Z,1780911823730,1780912590722,1,240,92,0,0
2026-06-10T12:16:26.253Z,1780911823730,1780912590722,1,242,92,0,0
2026-06-10T12:16:29.258Z,1780911823730,1780912590722,1,230,92,0,0
2026-06-10T12:16:32.266Z,1780911823730,1780912590722,1,246,92,0,0
2026-06-10T12:16:35.272Z,1780911823730,1780912590722,1,244,92,0,0
2026-06-10T12:16:38.280Z,1780911823730,1780912590722,1,236,92,0,0
2026-06-10T12:16:41.299Z,1780911823730,1780912590722,1,245,92,0,0
2026-06-10T12:16:44.315Z,1780911823730,1780912590722,1,234,92,0,0
2026-06-10T12:16:47.336Z,1780911823730,1780912590722,1,244,92,0,0
2026-06-10T12:16:50.356Z,1780911823730,1780912590722,1,238,92,0,0
2026-06-10T12:16:53.364Z,1780911823730,1780912590722,1,247,92,0,0
2026-06-10T12:16:56.368Z,1780911823730,1780912590722,1,240,92,0,0
2026-06-10T12:16:59.382Z,1780911823730,1780912590722,1,233,92,0,0
2026-06-10T12:17:02.402Z,1780911823730,1780912590722,1,244,92,0,0
2026-06-10T12:17:05.417Z,1780911823730,1780912590722,1,237,92,0,0
2026-06-10T12:17:08.423Z,1780911823730,1780912590722,1,235,92,0,0
2026-06-10T12:17:11.434Z,1780911823730,1780912590722,2,249,92,0,0
2026-06-10T12:17:14.444Z,1780911823730,1780912590722,1,233,92,0,0
2026-06-10T12:17:17.453Z,1780911823730,1780912590722,1,231,92,0,0
2026-06-10T12:17:20.458Z,1780911823730,1780912590722,1,235,92,0,0
2026-06-10T12:17:23.466Z,1780911823730,1780912590722,2,249,92,0,0
2026-06-10T12:17:26.486Z,1780911823730,1780912590722,1,233,92,0,0
2026-06-10T12:17:29.494Z,1780911823730,1780912590722,1,232,92,0,0
2026-06-10T12:17:32.498Z,1780911823730,1780912590722,1,236,92,0,0
2026-06-10T12:17:35.509Z,1780911823730,1780912590722,1,240,92,0,0
2026-06-10T12:17:38.524Z,1780911823730,1780912590722,1,247,92,0,0
2026-06-10T12:17:41.537Z,1780911823730,1780912590722,1,233,92,0,0
2026-06-10T12:17:44.544Z,1780911823730,1780912590722,1,237,92,0,0
2026-06-10T12:17:47.550Z,1780911823730,1780912590722,1,231,92,0,0
2026-06-10T12:17:50.558Z,1780911823730,1780912590722,1,234,92,0,0
2026-06-10T12:17:53.569Z,1780911823730,1780912590722,1,245,92,0,0
2026-06-10T12:17:56.577Z,1780911823730,1780912590722,1,246,92,0,0
2026-06-10T12:17:59.585Z,1780911823730,1780912590722,1,242,92,0,0
2026-06-10T12:18:02.596Z,1780911823730,1780912590722,1,236,92,0,0
2026-06-10T12:18:05.609Z,1780911823730,1780912590722,2,248,92,0,0
2026-06-10T12:18:08.621Z,1780911823730,1780912590722,1,247,92,0,0
2026-06-10T12:18:11.628Z,1780911823730,1780912590722,1,231,92,0,0
2026-06-10T12:18:14.637Z,1780911823730,1780912590722,1,245,92,0,0
2026-06-10T12:18:17.645Z,1780911823730,1780912590722,1,247,92,0,0
2026-06-10T12:18:20.655Z,1780911823730,1780912590722,1,245,92,0,0
2026-06-10T12:18:23.666Z,1780911823730,1780912590722,1,246,92,0,0
2026-06-10T12:18:26.674Z,1780911823730,1780912590722,1,241,92,0,0
2026-06-10T12:18:29.680Z,1780911823730,1780912590722,1,235,92,0,0
2026-06-10T12:18:32.686Z,1780911823730,1780912590722,2,249,92,0,0
2026-06-10T12:18:35.711Z,1780911823730,1780912590722,1,240,92,0,0
2026-06-10T12:18:38.724Z,1780911823730,1780912590722,1,231,92,0,0
2026-06-10T12:18:41.733Z,1780911823730,1780912590722,1,237,92,0,0
2026-06-10T12:18:44.740Z,1780911823730,1780912590722,1,231,92,0,0
2026-06-10T12:18:47.747Z,1780911823730,1780912590722,1,247,92,0,0
2026-06-10T12:18:50.753Z,1780911823730,1780912590722,1,233,92,0,0
2026-06-10T12:18:53.771Z,1780911823730,1780912590722,1,235,92,0,0
2026-06-10T12:18:56.786Z,1780911823730,1780912590722,1,245,92,0,0
2026-06-10T12:18:59.799Z,1780911823730,1780912590722,1,230,92,0,0
2026-06-10T12:19:02.818Z,1780911823730,1780912590722,1,242,92,0,0
2026-06-10T12:19:05.829Z,1780911823730,1780912590722,1,233,92,0,0
2026-06-10T12:19:08.833Z,1780911823730,1780912590722,1,234,92,0,0
2026-06-10T12:19:11.838Z,1780911823730,1780912590722,1,237,92,0,0
2026-06-10T12:19:14.857Z,1780911823730,1780912590722,1,246,92,0,0
2026-06-10T12:19:17.859Z,1780911823730,1780912590722,1,237,92,0,0
2026-06-10T12:19:20.870Z,1780911823730,1780912590722,2,248,92,0,0
2026-06-10T12:19:23.881Z,1780911823730,1780912590722,1,233,92,0,0
2026-06-10T12:19:26.891Z,1780911823730,1780912590722,1,247,92,0,0
2026-06-10T12:19:29.897Z,1780911823730,1780912590722,1,241,92,0,0
2026-06-10T12:19:32.902Z,1780911823730,1780912590722,1,238,92,0,0
2026-06-10T12:19:35.913Z,1780911823730,1780912590722,1,238,92,0,0
2026-06-10T12:19:38.919Z,1780911823730,1780912590722,1,241,92,0,0
2026-06-10T12:19:41.927Z,1780911823730,1780912590722,1,231,92,0,0
2026-06-10T12:19:44.938Z,1780911823730,1780912590722,2,249,92,0,0
2026-06-10T12:19:47.943Z,1780911823730,1780912590722,1,238,92,0,0
2026-06-10T12:19:50.955Z,1780911823730,1780912590722,1,231,92,0,0
2026-06-10T12:19:53.963Z,1780911823730,1780912590722,1,242,92,0,0
2026-06-10T12:19:56.970Z,1780911823730,1780912590722,1,233,92,0,0
2026-06-10T12:19:59.986Z,1780911823730,1780912590722,1,246,92,0,0
2026-06-10T12:20:02.991Z,1780911823730,1780912590722,1,231,92,0,0
2026-06-10T12:20:05.993Z,1780911823730,1780912590722,1,240,92,0,0
2026-06-10T12:20:09.006Z,1780911823730,1780912590722,1,242,92,0,0
2026-06-10T12:20:12.011Z,1780911823730,1780912590722,1,230,92,0,0
2026-06-10T12:20:15.016Z,1780911823730,1780912590722,2,248,92,0,0
2026-06-10T12:20:18.023Z,1780911823730,1780912590722,2,248,92,0,0
2026-06-10T12:20:21.031Z,1780911823730,1780912590722,1,238,92,0,0
2026-06-10T12:20:24.039Z,1780911823730,1780912590722,2,248,92,0,0
2026-06-10T12:20:27.048Z,1780911823730,1780912590722,2,248,92,0,0
2026-06-10T12:20:30.057Z,1780911823730,1780912590722,2,249,92,0,0
2026-06-10T12:20:33.061Z,1780911823730,1780912590722,1,230,92,0,0
2026-06-10T12:20:36.071Z,1780911823730,1780912590722,1,232,92,0,0
2026-06-10T12:20:39.081Z,1780911823730,1780912590722,1,235,92,0,0
2026-06-10T12:20:42.099Z,1780911823730,1780912590722,1,247,92,0,0
2026-06-10T12:20:45.108Z,1780911823730,1780912590722,1,238,92,0,0
2026-06-10T12:20:48.114Z,1780911823730,1780912590722,1,231,92,0,0
2026-06-10T12:20:51.122Z,1780911823730,1780912590722,1,245,92,0,0
2026-06-10T12:20:54.132Z,1780911823730,1780912590722,1,237,92,0,0
2026-06-10T12:20:57.143Z,1780911823730,1780912590722,1,242,92,0,0
2026-06-10T12:21:00.151Z,1780911823730,1780912590722,1,235,92,0,0
2026-06-10T12:21:03.158Z,1780911823730,1780912590722,1,236,92,0,0
2026-06-10T12:21:06.181Z,1780911823730,1780912590722,1,237,92,0,0
2026-06-10T12:21:09.207Z,1780911823730,1780912590722,1,230,92,0,0
2026-06-10T12:21:12.223Z,1780911823730,1780912590722,1,232,92,0,0
2026-06-10T12:21:15.230Z,1780911823730,1780912590722,2,248,92,0,0
2026-06-10T12:21:18.238Z,1780911823730,1780912590722,1,235,92,0,0
2026-06-10T12:21:21.256Z,1780911823730,1780912590722,1,240,92,0,0
2026-06-10T12:21:24.264Z,1780911823730,1780912590722,1,241,92,0,0
2026-06-10T12:21:27.269Z,1780911823730,1780912590722,1,244,92,0,0
2026-06-10T12:21:30.275Z,1780911823730,1780912590722,1,240,92,0,0
2026-06-10T12:21:33.295Z,1780911823730,1780912590722,1,245,92,0,0
2026-06-10T12:21:36.302Z,1780911823730,1780912590722,1,245,92,0,0
2026-06-10T12:21:39.313Z,1780911823730,1780912590722,1,237,92,0,0
2026-06-10T12:21:42.321Z,1780911823730,1780912590722,1,244,92,0,0
2026-06-10T12:21:45.331Z,1780911823730,1780912590722,1,241,92,0,0
2026-06-10T12:21:48.351Z,1780911823730,1780912590722,1,245,92,0,0
2026-06-10T12:21:51.361Z,1780911823730,1780912590722,1,232,92,0,0
2026-06-10T12:21:54.368Z,1780911823730,1780912590722,1,230,92,0,0
2026-06-10T12:21:57.376Z,1780911823730,1780912590722,1,239,92,0,0
2026-06-10T12:22:00.394Z,1780911823730,1780912590722,1,235,92,0,0
2026-06-10T12:22:03.404Z,1780911823730,1780912590722,1,230,92,0,0
2026-06-10T12:22:06.412Z,1780911823730,1780912590722,1,242,92,0,0
2026-06-10T12:22:09.419Z,1780911823730,1780912590722,1,242,92,0,0
2026-06-10T12:22:12.427Z,1780911823730,1780912590722,1,240,92,0,0
2026-06-10T12:22:15.435Z,1780911823730,1780912590722,1,232,92,0,0
2026-06-10T12:22:18.446Z,1780911823730,1780912590722,1,238,92,0,0
2026-06-10T12:22:21.455Z,1780911823730,1780912590722,2,249,92,0,0
2026-06-10T12:22:24.475Z,1780911823730,1780912590722,1,234,92,0,0
2026-06-10T12:22:27.481Z,1780911823730,1780912590722,1,236,92,0,0
2026-06-10T12:22:30.488Z,1780911823730,1780912590722,1,239,92,0,0
2026-06-10T12:22:33.505Z,1780911823730,1780912590722,1,238,92,0,0
2026-06-10T12:22:36.514Z,1780911823730,1780912590722,1,238,92,0,0
2026-06-10T12:22:39.522Z,1780911823730,1780912590722,1,245,92,0,0
2026-06-10T12:22:42.529Z,1780911823730,1780912590722,1,238,92,0,0
2026-06-10T12:22:45.546Z,1780911823730,1780912590722,1,245,92,0,0
2026-06-10T12:22:48.551Z,1780911823730,1780912590722,1,230,92,0,0
2026-06-10T12:22:51.570Z,1780911823730,1780912590722,1,247,92,0,0
2026-06-10T12:22:54.577Z,1780911823730,1780912590722,1,244,92,0,0
2026-06-10T12:22:57.584Z,1780911823730,1780912590722,1,237,92,0,0
2026-06-10T12:23:00.588Z,1780911823730,1780912590722,1,244,92,0,0
2026-06-10T12:23:03.594Z,1780911823730,1780912590722,1,232,92,0,0
2026-06-10T12:23:06.599Z,1780911823730,1780912590722,2,249,92,0,0
2026-06-10T12:23:09.608Z,1780911823730,1780912590722,1,236,92,0,0
2026-06-10T12:23:12.614Z,1780911823730,1780912590722,1,241,92,0,0
2026-06-10T12:23:15.632Z,1780911823730,1780912590722,1,238,92,0,0
2026-06-10T12:23:18.641Z,1780911823730,1780912590722,1,235,92,0,0
2026-06-10T12:23:21.654Z,1780911823730,1780912590722,1,237,92,0,0
2026-06-10T12:23:24.660Z,1780911823730,1780912590722,1,236,92,0,0
2026-06-10T12:23:27.676Z,1780911823730,1780912590722,1,234,92,0,0
2026-06-10T12:23:30.681Z,1780911823730,1780912590722,1,247,92,0,0
2026-06-10T12:23:33.689Z,1780911823730,1780912590722,1,244,92,0,0
2026-06-10T12:23:36.693Z,1780911823730,1780912590722,1,240,92,0,0
2026-06-10T12:23:39.698Z,1780911823730,1780912590722,1,245,92,0,0
2026-06-10T12:23:42.704Z,1780911823730,1780912590722,1,246,92,0,0
2026-06-10T12:23:45.710Z,1780911823730,1780912590722,1,233,92,0,0
2026-06-10T12:23:48.720Z,1780911823730,1780912590722,1,237,92,0,0
2026-06-10T12:23:51.739Z,1780911823730,1780912590722,1,241,92,0,0
2026-06-10T12:23:54.743Z,1780911823730,1780912590722,1,237,92,0,0
2026-06-10T12:23:57.749Z,1780911823730,1780912590722,1,246,92,0,0
2026-06-10T12:24:00.766Z,1780911823730,1780912590722,1,241,92,0,0
2026-06-10T12:24:03.772Z,1780911823730,1780912590722,1,233,92,0,0
2026-06-10T12:24:06.780Z,1780911823730,1780912590722,1,241,92,0,0
2026-06-10T12:24:09.798Z,1780911823730,1780912590722,1,233,92,0,0
2026-06-10T12:24:12.802Z,1780911823730,1780912590722,1,232,92,0,0
2026-06-10T12:24:15.807Z,1780911823730,1780912590722,1,238,92,0,0
2026-06-10T12:24:18.812Z,1780911823730,1780912590722,1,231,92,0,0
2026-06-10T12:24:21.831Z,1780911823730,1780912590722,1,237,92,0,0
2026-06-10T12:24:24.852Z,1780911823730,1780912590722,1,244,92,0,0
2026-06-10T12:24:27.857Z,1780911823730,1780912590722,1,233,92,0,0
2026-06-10T12:24:30.866Z,1780911823730,1780912590722,1,245,92,0,0
2026-06-10T12:24:33.885Z,1780911823730,1780912590722,1,242,92,0,0
2026-06-10T12:24:36.896Z,1780911823730,1780912590722,1,235,92,0,0
2026-06-10T12:24:39.900Z,1780911823730,1780912590722,1,235,92,0,0
2026-06-10T12:24:42.909Z,1780911823730,1780912590722,1,245,92,0,0
2026-06-10T12:24:45.916Z,1780911823730,1780912590722,1,244,92,0,0
2026-06-10T12:24:48.926Z,1780911823730,1780912590722,1,233,92,0,0
2026-06-10T12:24:51.932Z,1780911823730,1780912590722,1,237,92,0,0
2026-06-10T12:24:54.941Z,1780911823730,1780912590722,2,248,92,0,0
2026-06-10T12:24:57.951Z,1780911823730,1780912590722,1,242,92,0,0
2026-06-10T12:25:00.960Z,1780911823730,1780912590722,1,237,92,0,0
2026-06-10T12:25:03.970Z,1780911823730,1780912590722,1,237,92,0,0
2026-06-10T12:25:06.971Z,1780911823730,1780912590722,1,245,92,0,0
2026-06-10T12:25:09.979Z,1780911823730,1780912590722,1,231,92,0,0
2026-06-10T12:25:12.991Z,1780911823730,1780912590722,2,248,92,0,0
2026-06-10T12:25:16.003Z,1780911823730,1780912590722,1,239,92,0,0
2026-06-10T12:25:19.010Z,1780911823730,1780912590722,1,246,92,0,0
2026-06-10T12:25:22.014Z,1780911823730,1780912590722,1,230,92,0,0
2026-06-10T12:25:25.022Z,1780911823730,1780912590722,1,230,92,0,0
2026-06-10T12:25:28.047Z,1780911823730,1780912590722,1,233,92,0,0
2026-06-10T12:25:31.058Z,1780911823730,1780912590722,1,244,92,0,0
2026-06-10T12:25:34.062Z,1780911823730,1780912590722,1,244,92,0,0
2026-06-10T12:25:37.068Z,1780911823730,1780912590722,1,234,92,0,0
2026-06-10T12:25:40.075Z,1780911823730,1780912590722,1,247,92,0,0
2026-06-10T12:25:43.087Z,1780911823730,1780912590722,2,249,92,0,0
2026-06-10T12:25:46.100Z,1780911823730,1780912590722,1,242,92,0,0
2026-06-10T12:25:49.107Z,1780911823730,1780912590722,1,233,92,0,0
2026-06-10T12:25:52.112Z,1780911823730,1780912590722,1,233,92,0,0
2026-06-10T12:25:55.125Z,1780911823730,1780912590722,1,240,92,0,0
2026-06-10T12:25:58.141Z,1780911823730,1780912590722,1,240,92,0,0
2026-06-10T12:26:01.160Z,1780911823730,1780912590722,2,248,92,0,0
2026-06-10T12:26:04.167Z,1780911823730,1780912590722,1,233,92,0,0
2026-06-10T12:26:07.182Z,1780911823730,1780912590722,1,245,92,0,0
2026-06-10T12:26:10.191Z,1780911823730,1780912590722,1,238,92,0,0
2026-06-10T12:26:13.200Z,1780911823730,1780912590722,1,241,92,0,0
2026-06-10T12:26:16.206Z,1780911823730,1780912590722,1,245,92,0,0
2026-06-10T12:26:19.211Z,1780911823730,1780912590722,1,231,92,0,0
2026-06-10T12:26:22.230Z,1780911823730,1780912590722,1,233,92,0,0
2026-06-10T12:26:25.244Z,1780911823730,1780912590722,1,236,92,0,0
2026-06-10T12:26:28.250Z,1780911823730,1780912590722,1,246,92,0,0
2026-06-10T12:26:31.262Z,1780911823730,1780912590722,1,242,92,0,0
2026-06-10T12:26:34.268Z,1780911823730,1780912590722,1,238,92,0,0
2026-06-10T12:26:37.275Z,1780911823730,1780912590722,1,236,92,0,0
2026-06-10T12:26:40.287Z,1780911823730,1780912590722,1,237,92,0,0
2026-06-10T12:26:43.295Z,1780911823730,1780912590722,1,245,92,0,0
2026-06-10T12:26:46.308Z,1780911823730,1780912590722,1,246,92,0,0
2026-06-10T12:26:49.314Z,1780911823730,1780912590722,1,236,92,0,0
2026-06-10T12:26:52.322Z,1780911823730,1780912590722,1,233,92,0,0
2026-06-10T12:26:55.329Z,1780911823730,1780912590722,1,236,92,0,0
2026-06-10T12:26:58.338Z,1780911823730,1780912590722,1,242,92,0,0
2026-06-10T12:27:01.357Z,1780911823730,1780912590722,1,242,92,0,0
2026-06-10T12:27:04.367Z,1780911823730,1780912590722,1,233,92,0,0
2026-06-10T12:27:07.371Z,1780911823730,1780912590722,1,233,92,0,0
2026-06-10T12:27:10.385Z,1780911823730,1780912590722,2,248,92,0,0
2026-06-10T12:27:13.402Z,1780911823730,1780912590722,1,244,92,0,0
2026-06-10T12:27:16.412Z,1780911823730,1780912590722,2,249,92,0,0
2026-06-10T12:27:19.424Z,1780911823730,1780912590722,1,233,92,0,0
2026-06-10T12:27:22.444Z,1780911823730,1780912590722,1,236,92,0,0
2026-06-10T12:27:25.452Z,1780911823730,1780912590722,1,232,92,0,0
2026-06-10T12:27:28.471Z,1780911823730,1780912590722,1,239,92,0,0
2026-06-10T12:27:31.477Z,1780911823730,1780912590722,1,245,92,0,0
2026-06-10T12:27:34.495Z,1780911823730,1780912590722,1,238,92,0,0
2026-06-10T12:27:37.502Z,1780911823730,1780912590722,1,240,92,0,0
2026-06-10T12:27:40.512Z,1780911823730,1780912590722,1,244,92,0,0
2026-06-10T12:27:43.519Z,1780911823730,1780912590722,1,230,92,0,0
2026-06-10T12:27:46.526Z,1780911823730,1780912590722,1,244,92,0,0
2026-06-10T12:27:49.534Z,1780911823730,1780912590722,1,236,92,0,0
2026-06-10T12:27:52.540Z,1780911823730,1780912590722,1,236,92,0,0
2026-06-10T12:27:55.552Z,1780911823730,1780912590722,1,236,92,0,0
2026-06-10T12:27:58.558Z,1780911823730,1780912590722,1,233,92,0,0
2026-06-10T12:28:01.564Z,1780911823730,1780912590722,1,241,92,0,0
2026-06-10T12:28:04.572Z,1780911823730,1780912590722,1,241,92,0,0
2026-06-10T12:28:07.592Z,1780911823730,1780912590722,1,241,92,0,0
2026-06-10T12:28:10.602Z,1780911823730,1780912590722,1,237,92,0,0
2026-06-10T12:28:13.619Z,1780911823730,1780912590722,1,241,92,0,0
2026-06-10T12:28:16.627Z,1780911823730,1780912590722,1,233,92,0,0
2026-06-10T12:28:19.638Z,1780911823730,1780912590722,1,235,92,0,0
2026-06-10T12:28:22.657Z,1780911823730,1780912590722,1,240,92,0,0
2026-06-10T12:28:25.666Z,1780911823730,1780912590722,1,235,92,0,0
2026-06-10T12:28:28.681Z,1780911823730,1780912590722,1,245,92,0,0
2026-06-10T12:28:31.699Z,1780911823730,1780912590722,2,249,92,0,0
2026-06-10T12:28:34.713Z,1780911823730,1780912590722,1,239,92,0,0
2026-06-10T12:28:37.725Z,1780911823730,1780912590722,1,239,92,0,0
2026-06-10T12:28:40.733Z,1780911823730,1780912590722,1,238,92,0,0
2026-06-10T12:28:43.739Z,1780911823730,1780912590722,1,233,92,0,0
2026-06-10T12:28:46.752Z,1780911823730,1780912590722,1,233,92,0,0
2026-06-10T12:28:49.770Z,1780911823730,1780912590722,1,234,92,0,0
2026-06-10T12:28:52.775Z,1780911823730,1780912590722,1,231,92,0,0
2026-06-10T12:28:55.786Z,1780911823730,1780912590722,1,230,92,0,0
2026-06-10T12:28:58.805Z,1780911823730,1780912590722,1,236,92,0,0
2026-06-10T12:29:01.820Z,1780911823730,1780912590722,2,249,92,0,0
2026-06-10T12:29:04.824Z,1780911823730,1780912590722,1,233,92,0,0
2026-06-10T12:29:07.846Z,1780911823730,1780912590722,1,238,92,0,0
2026-06-10T12:29:10.852Z,1780911823730,1780912590722,1,240,92,0,0
2026-06-10T12:29:13.857Z,1780911823730,1780912590722,1,239,92,0,0
2026-06-10T12:29:16.869Z,1780911823730,1780912590722,1,247,92,0,0
2026-06-10T12:29:19.886Z,1780911823730,1780912590722,1,238,92,0,0
2026-06-10T12:29:22.895Z,1780911823730,1780912590722,1,235,92,0,0
2026-06-10T12:29:25.903Z,1780911823730,1780912590722,1,234,92,0,0
2026-06-10T12:29:28.919Z,1780911823730,1780912590722,1,233,92,0,0
2026-06-10T12:29:31.934Z,1780911823730,1780912590722,1,230,92,0,0
2026-06-10T12:29:34.949Z,1780911823730,1780912590722,1,239,92,0,0
2026-06-10T12:29:37.967Z,1780911823730,1780912590722,1,246,92,0,0
2026-06-10T12:29:40.975Z,1780911823730,1780912590722,1,230,92,0,0
2026-06-10T12:29:43.990Z,1780911823730,1780912590722,1,236,92,0,0
2026-06-10T12:29:46.996Z,1780911823730,1780912590722,1,245,92,0,0
2026-06-10T12:29:50.015Z,1780911823730,1780912590722,1,240,92,0,0
2026-06-10T12:29:53.021Z,1780911823730,1780912590722,1,245,92,0,0
2026-06-10T12:29:56.031Z,1780911823730,1780912590722,1,244,92,0,0
2026-06-10T12:29:59.036Z,1780911823730,1780912590722,1,237,92,0,0
2026-06-10T12:30:02.043Z,1780911823730,1780912590722,1,244,92,0,0
2026-06-10T12:30:05.049Z,1780911823730,1780912590722,1,236,92,0,0
2026-06-10T12:30:08.050Z,1780911823730,1780912590722,1,242,92,0,0
2026-06-10T12:30:11.062Z,1780911823730,1780912590722,1,239,92,0,0
2026-06-10T12:30:14.069Z,1780911823730,1780912590722,1,238,92,0,0
2026-06-10T12:30:17.089Z,1780911823730,1780912590722,2,249,92,0,0
2026-06-10T12:30:20.095Z,1780911823730,1780912590722,1,244,92,0,0
2026-06-10T12:30:23.113Z,1780911823730,1780912590722,1,233,92,0,0
2026-06-10T15:23:54.641Z,1781104759940,1781104938088,,0,0,0,
2026-06-10T15:23:56.511Z,1780911823730,1780912590722,0,0,0,0,0
2026-06-10T15:23:59.529Z,1780911823730,1780912590722,0,0,0,0,0
2026-06-10T15:24:00.695Z,1781104759940,1781104938088,,0,0,0,
2026-06-10T15:24:03.711Z,1781104759940,1781104938088,,0,0,0,
2026-06-10T15:24:05.557Z,1780911823730,1780912590722,0,0,0,0,0
2026-06-10T15:24:08.567Z,1780911823730,1780912590722,0,0,0,0,0
2026-06-10T15:24:09.742Z,1781104759940,1781104938088,,0,0,0,
2026-06-10T15:24:12.759Z,1781104759940,1781104938088,,0,0,0,
2026-06-10T15:24:14.620Z,1780911823730,1780912590722,0,0,0,0,0
2026-06-10T15:24:17.629Z,1780911823730,1780912590722,0,0,0,0,0
2026-06-10T15:24:18.769Z,1781104759940,1781104938088,,0,0,0,
2026-06-10T15:24:21.805Z,1781104759940,1781104938088,,0,0,0,
2026-06-10T15:24:23.646Z,1780911823730,1780912590722,0,0,0,0,0
2026-06-10T15:24:27.828Z,1781104759940,1781104938088,,0,0,0,
2026-06-10T15:24:29.671Z,1780911823730,1780912590722,0,0,0,0,0
2026-06-10T15:24:32.690Z,1780911823730,1780912590722,0,0,0,0,0
2026-06-10T15:24:33.911Z,1781104759940,1781104938088,,0,0,0,
2026-06-10T15:24:36.925Z,1781104759940,1781104938088,,0,0,0,
2026-06-10T15:24:38.717Z,1780911823730,1780912590722,0,0,0,0,0
2026-06-10T15:24:41.729Z,1780911823730,1780912590722,0,0,0,0,0
2026-06-10T15:24:42.961Z,1781104759940,1781104938088,,0,0,0,
2026-06-10T15:24:45.976Z,1781104759940,1781104938088,,0,0,0,
2026-06-10T15:24:47.758Z,1780911823730,1780912590722,0,0,0,0,0
2026-06-10T15:24:50.780Z,1780911823730,1780912590722,0,0,0,0,0
2026-06-10T15:24:52.016Z,1781104759940,1781104938088,,0,0,0,
2026-06-10T15:24:55.038Z,1781104759940,1781104938088,,0,0,0,
2026-06-10T15:24:56.804Z,1780911823730,1780912590722,0,0,0,0,0
2026-06-10T15:24:59.819Z,1780911823730,1780912590722,1,233,92,0,0
2026-06-10T15:25:01.075Z,1781104759940,1781104938088,,232,92,0,
2026-06-10T15:25:04.085Z,1781104759940,1781104938088,,230,92,0,
2026-06-10T15:25:05.846Z,1780911823730,1780912590722,1,241,92,0,0
2026-06-10T15:25:08.875Z,1780911823730,1780912590722,1,246,92,0,0
2026-06-10T15:25:10.110Z,1781104759940,1781104938088,,240,92,0,
2026-06-10T15:25:13.141Z,1781104759940,1781104938088,,233,92,0,
2026-06-10T15:25:14.890Z,1780911823730,1780912590722,1,237,92,0,0
2026-06-10T15:25:17.911Z,1780911823730,1780912590722,1,239,92,0,0
2026-06-10T15:25:19.172Z,1781104759940,1781104938088,,235,92,0,
2026-06-10T15:25:22.185Z,1781104759940,1781104938088,,247,92,0,
2026-06-10T15:25:23.936Z,1780911823730,1780912590722,1,236,92,0,0
2026-06-10T15:25:26.972Z,1780911823730,1780912590722,1,230,92,0,0
2026-06-10T15:25:29.981Z,1780911823730,1780912590722,1,238,92,0,0
2026-06-10T15:25:32.991Z,1780911823730,1780912590722,1,238,92,0,0
2026-06-10T15:25:36.003Z,1780911823730,1780912590722,1,239,92,0,0
2026-06-10T15:25:39.019Z,1780911823730,1780912590722,1,245,92,0,0
2026-06-10T15:25:42.038Z,1780911823730,1780912590722,1,239,92,0,0
2026-06-10T15:25:45.058Z,1780911823730,1780912590722,1,233,92,0,0
2026-06-10T15:25:48.079Z,1780911823730,1780912590722,1,239,92,0,0
2026-06-10T15:25:51.163Z,1780911823730,1780912590722,1,246,92,0,0
2026-06-10T15:25:57.190Z,1780911823730,1780912590722,1,239,92,0,0
2026-06-10T15:25:57.330Z,1781104759940,1781104938088,,239,92,0,
2026-06-10T15:26:00.345Z,1781104759940,1781104938088,,244,92,0,
2026-06-10T15:26:03.243Z,1780911823730,1780912590722,1,239,92,0,0
2026-06-10T15:26:03.369Z,1781104759940,1781104938088,,239,92,0,
2026-06-10T15:26:06.376Z,1781104759940,1781104938088,,235,92,0,
2026-06-10T15:26:09.303Z,1780911823730,1780912590722,1,233,92,0,0
2026-06-10T15:26:12.323Z,1780911823730,1780912590722,1,238,92,0,0
2026-06-10T15:26:12.411Z,1781104759940,1781104938088,,238,92,0,
2026-06-10T15:26:15.428Z,1781104759940,1781104938088,,241,92,0,
2026-06-10T15:26:18.353Z,1780911823730,1780912590722,1,239,92,0,0
2026-06-10T15:26:21.365Z,1780911823730,1780912590722,2,249,92,0,0
2026-06-10T15:26:21.462Z,1781104759940,1781104938088,,249,92,0,
2026-06-10T15:26:24.475Z,1781104759940,1781104938088,,238,92,0,
2026-06-10T15:26:27.381Z,1780911823730,1780912590722,2,249,92,0,0
2026-06-10T15:26:30.402Z,1780911823730,1780912590722,1,246,92,0,0
2026-06-10T15:26:30.507Z,1781104759940,1781104938088,,246,92,0,
2026-06-10T15:26:33.520Z,1781104759940,1781104938088,,246,92,0,
2026-06-10T15:26:36.437Z,1780911823730,1780912590722,1,234,92,0,0
2026-06-10T15:26:39.449Z,1780911823730,1780912590722,1,235,92,0,0
2026-06-10T15:26:39.566Z,1781104759940,1781104938088,,238,92,0,
2026-06-10T15:26:42.582Z,1781104759940,1781104938088,,241,92,0,
2026-06-10T15:26:45.492Z,1780911823730,1780912590722,2,248,92,0,0
2026-06-10T15:26:48.506Z,1780911823730,1780912590722,1,239,92,0,0
2026-06-11T10:15:43.733Z,1781104759940,1781104938088,,246,92,0,
2026-06-11T10:15:46.748Z,1781104759940,1781104938088,,236,92,0,
2026-06-11T10:15:49.756Z,1781104759940,1781104938088,,235,92,0,
2026-06-11T10:15:52.779Z,1781104759940,1781104938088,,231,92,0,
2026-06-11T10:15:55.799Z,1781104759940,1781104938088,,248,92,0,
2026-06-11T10:15:58.818Z,1781104759940,1781104938088,,240,92,0,
2026-06-11T10:16:01.838Z,1781104759940,1781104938088,,233,92,0,
2026-06-11T10:16:04.858Z,1781104759940,1781104938088,,234,92,0,
2026-06-11T10:16:07.875Z,1781104759940,1781104938088,,248,92,0,
2026-06-11T10:16:10.920Z,1781104759940,1781104938088,,240,92,0,
2026-06-11T10:16:13.932Z,1781104759940,1781104938088,,249,92,0,
2026-06-11T10:16:16.941Z,1781104759940,1781104938088,,239,92,0,
2026-06-11T10:16:19.957Z,1781104759940,1781104938088,,232,92,0,
2026-06-11T10:16:22.974Z,1781104759940,1781104938088,,236,92,0,
2026-06-11T10:16:25.990Z,1781104759940,1781104938088,,239,92,0,
2026-06-11T10:16:29.011Z,1781104759940,1781104938088,,248,92,0,
2026-06-11T10:16:32.031Z,1781104759940,1781104938088,,233,92,0,
2026-06-11T10:16:35.049Z,1781104759940,1781104938088,,242,92,0,
2026-06-11T10:16:38.065Z,1781104759940,1781104938088,,234,92,0,
2026-06-11T10:16:41.079Z,1781104759940,1781104938088,,237,92,0,
2026-06-11T10:16:44.096Z,1781104759940,1781104938088,,235,92,0,
2026-06-11T10:16:47.110Z,1781104759940,1781104938088,,239,92,0,
2026-06-11T10:16:50.125Z,1781104759940,1781104938088,,237,92,0,
2026-06-11T10:16:53.143Z,1781104759940,1781104938088,,242,92,0,
2026-06-11T10:16:56.152Z,1781104759940,1781104938088,,234,92,0,
2026-06-11T10:16:59.169Z,1781104759940,1781104938088,,241,92,0,
2026-06-11T10:17:02.188Z,1781104759940,1781104938088,,232,92,0,
2026-06-11T10:17:05.205Z,1781104759940,1781104938088,,239,92,0,
2026-06-11T10:17:08.221Z,1781104759940,1781104938088,,246,92,0,
2026-06-11T10:17:11.236Z,1781104759940,1781104938088,,230,92,0,
2026-06-11T10:17:14.249Z,1781104759940,1781104938088,,233,92,0,
2026-06-11T10:17:17.266Z,1781104759940,1781104938088,,235,92,0,
2026-06-11T10:17:20.273Z,1781104759940,1781104938088,,230,92,0,
2026-06-11T10:17:23.288Z,1781104759940,1781104938088,,232,92,0,
2026-06-11T10:17:26.305Z,1781104759940,1781104938088,,235,92,0,
2026-06-11T10:17:29.332Z,1781104759940,1781104938088,,237,92,0,
2026-06-11T10:17:32.348Z,1781104759940,1781104938088,,248,92,0,
2026-06-11T10:17:35.370Z,1781104759940,1781104938088,,238,92,0,
2026-06-11T10:17:38.399Z,1781104759940,1781104938088,,239,92,0,
2026-06-11T10:17:41.423Z,1781104759940,1781104938088,,241,92,0,
2026-06-11T10:17:44.444Z,1781104759940,1781104938088,,245,92,0,
2026-06-11T10:17:47.462Z,1781104759940,1781104938088,,242,92,0,
2026-06-11T10:17:50.477Z,1781104759940,1781104938088,,245,92,0,
2026-06-11T10:17:53.503Z,1781104759940,1781104938088,,244,92,0,
2026-06-11T10:17:56.518Z,1781104759940,1781104938088,,242,92,0,
2026-06-11T10:17:59.535Z,1781104759940,1781104938088,,230,92,0,
2026-06-11T10:18:02.550Z,1781104759940,1781104938088,,246,92,0,
2026-06-11T10:18:05.567Z,1781104759940,1781104938088,,230,92,0,
2026-06-11T10:18:08.583Z,1781104759940,1781104938088,,249,92,0,
2026-06-11T10:18:11.597Z,1781104759940,1781104938088,,238,92,0,
2026-06-11T10:18:14.619Z,1781104759940,1781104938088,,247,92,0,
2026-06-11T10:18:17.644Z,1781104759940,1781104938088,,236,92,0,
2026-06-11T10:18:20.659Z,1781104759940,1781104938088,,234,92,0,
2026-06-11T10:18:23.677Z,1781104759940,1781104938088,,241,92,0,
2026-06-11T10:18:26.692Z,1781104759940,1781104938088,,242,92,0,
2026-06-11T10:18:29.710Z,1781104759940,1781104938088,,247,92,0,
2026-06-11T10:18:32.723Z,1781104759940,1781104938088,,246,92,0,
2026-06-11T10:18:35.734Z,1781104759940,1781104938088,,249,92,0,
2026-06-11T10:18:38.742Z,1781104759940,1781104938088,,237,92,0,
2026-06-11T10:18:41.803Z,1781104759940,1781104938088,,245,92,0,
2026-06-11T10:18:44.823Z,1781104759940,1781104938088,,246,92,0,
2026-06-11T10:18:47.833Z,1781104759940,1781104938088,,239,92,0,
2026-06-11T10:18:50.858Z,1781104759940,1781104938088,,233,92,0,
2026-06-11T10:18:53.876Z,1781104759940,1781104938088,,236,92,0,
2026-06-11T10:18:56.895Z,1781104759940,1781104938088,,232,92,0,
2026-06-11T10:18:59.903Z,1781104759940,1781104938088,,242,92,0,
2026-06-11T10:19:02.921Z,1781104759940,1781104938088,,241,92,0,
2026-06-11T10:19:05.940Z,1781104759940,1781104938088,,247,92,0,
2026-06-11T10:19:08.962Z,1781104759940,1781104938088,,239,92,0,
2026-06-11T10:19:11.980Z,1781104759940,1781104938088,,246,92,0,
2026-06-11T10:19:14.991Z,1781104759940,1781104938088,,237,92,0,
2026-06-11T10:19:18.007Z,1781104759940,1781104938088,,236,92,0,
2026-06-11T10:19:21.022Z,1781104759940,1781104938088,,242,92,0,
2026-06-11T10:19:24.030Z,1781104759940,1781104938088,,239,92,0,
2026-06-11T10:19:27.046Z,1781104759940,1781104938088,,237,92,0,
2026-06-11T10:19:30.064Z,1781104759940,1781104938088,,244,92,0,
2026-06-11T10:19:33.076Z,1781104759940,1781104938088,,249,92,0,
2026-06-11T10:19:36.091Z,1781104759940,1781104938088,,240,92,0,
2026-06-11T10:19:39.107Z,1781104759940,1781104938088,,238,92,0,
2026-06-11T10:19:42.122Z,1781104759940,1781104938088,,247,92,0,
2026-06-11T10:19:45.138Z,1781104759940,1781104938088,,245,92,0,
2026-06-11T10:19:48.150Z,1781104759940,1781104938088,,242,92,0,
2026-06-11T10:19:51.165Z,1781104759940,1781104938088,,246,92,0,
2026-06-11T10:19:54.183Z,1781104759940,1781104938088,,247,92,0,
2026-06-11T10:19:57.202Z,1781104759940,1781104938088,,247,92,0,
2026-06-11T10:20:00.211Z,1781104759940,1781104938088,,233,92,0,
2026-06-11T10:20:03.228Z,1781104759940,1781104938088,,236,92,0,
2026-06-11T10:20:06.250Z,1781104759940,1781104938088,,232,92,0,
2026-06-11T10:20:09.276Z,1781104759940,1781104938088,,233,92,0,
2026-06-11T10:20:12.292Z,1781104759940,1781104938088,,246,92,0,
2026-06-11T10:20:15.306Z,1781104759940,1781104938088,,236,92,0,
2026-06-11T10:20:18.322Z,1781104759940,1781104938088,,248,92,0,
2026-06-11T10:20:21.344Z,1781104759940,1781104938088,,238,92,0,
2026-06-11T10:20:24.371Z,1781104759940,1781104938088,,246,92,0,
2026-06-11T10:20:27.387Z,1781104759940,1781104938088,,242,92,0,
2026-06-11T10:20:30.396Z,1781104759940,1781104938088,,248,92,0,
2026-06-11T10:20:33.411Z,1781104759940,1781104938088,,233,92,0,
2026-06-11T10:20:36.430Z,1781104759940,1781104938088,,237,92,0,
2026-06-11T10:20:39.441Z,1781104759940,1781104938088,,231,92,0,
2026-06-11T10:20:42.464Z,1781104759940,1781104938088,,244,92,0,
2026-06-11T10:20:45.480Z,1781104759940,1781104938088,,238,92,0,
2026-06-11T10:20:48.584Z,1781104759940,1781104938088,,247,92,0,
2026-06-11T10:20:51.596Z,1781104759940,1781104938088,,237,92,0,
2026-06-11T10:20:54.609Z,1781104759940,1781104938088,,245,92,0,
2026-06-11T10:20:57.626Z,1781104759940,1781104938088,,238,92,0,
2026-06-11T10:21:00.641Z,1781104759940,1781104938088,,233,92,0,
2026-06-11T10:21:03.656Z,1781104759940,1781104938088,,240,92,0,
2026-06-11T10:21:06.674Z,1781104759940,1781104938088,,247,92,0,
2026-06-11T10:21:09.691Z,1781104759940,1781104938088,,234,92,0,
2026-06-11T10:21:12.706Z,1781104759940,1781104938088,,232,92,0,
2026-06-11T10:21:15.736Z,1781104759940,1781104938088,,231,92,0,
2026-06-11T10:21:18.749Z,1781104759940,1781104938088,,233,92,0,
2026-06-11T10:21:21.763Z,1781104759940,1781104938088,,233,92,0,
2026-06-11T10:21:24.780Z,1781104759940,1781104938088,,240,92,0,
2026-06-11T10:21:27.795Z,1781104759940,1781104938088,,235,92,0,
2026-06-11T10:21:30.810Z,1781104759940,1781104938088,,235,92,0,
2026-06-11T10:21:33.819Z,1781104759940,1781104938088,,233,92,0,
2026-06-11T10:21:36.847Z,1781104759940,1781104938088,,247,92,0,
2026-06-11T10:21:39.861Z,1781104759940,1781104938088,,246,92,0,
2026-06-11T10:21:42.873Z,1781104759940,1781104938088,,244,92,0,
2026-06-11T10:21:45.889Z,1781104759940,1781104938088,,249,92,0,
2026-06-11T10:21:48.906Z,1781104759940,1781104938088,,233,92,0,
2026-06-11T10:21:51.941Z,1781104759940,1781104938088,,236,92,0,
2026-06-11T10:21:54.955Z,1781104759940,1781104938088,,246,92,0,
2026-06-11T10:21:57.968Z,1781104759940,1781104938088,,241,92,0,
2026-06-11T10:22:00.984Z,1781104759940,1781104938088,,242,92,0,
2026-06-11T10:22:03.999Z,1781104759940,1781104938088,,244,92,0,
2026-06-11T10:22:07.007Z,1781104759940,1781104938088,,237,92,0,
2026-06-11T10:22:10.020Z,1781104759940,1781104938088,,230,92,0,
2026-06-11T10:22:13.034Z,1781104759940,1781104938088,,248,92,0,
2026-06-11T10:22:16.044Z,1781104759940,1781104938088,,237,92,0,
2026-06-11T10:22:19.054Z,1781104759940,1781104938088,,249,92,0,
2026-06-11T10:22:22.069Z,1781104759940,1781104938088,,246,92,0,
2026-06-11T10:22:25.089Z,1781104759940,1781104938088,,246,92,0,
2026-06-11T10:22:28.105Z,1781104759940,1781104938088,,241,92,0,
2026-06-11T10:22:31.122Z,1781104759940,1781104938088,,245,92,0,
2026-06-11T10:22:34.141Z,1781104759940,1781104938088,,240,92,0,
2026-06-11T10:22:37.161Z,1781104759940,1781104938088,,230,92,0,
2026-06-11T10:22:40.180Z,1781104759940,1781104938088,,233,92,0,
2026-06-11T10:22:43.191Z,1781104759940,1781104938088,,237,92,0,
2026-06-11T10:22:46.212Z,1781104759940,1781104938088,,234,92,0,
2026-06-11T10:22:49.227Z,1781104759940,1781104938088,,247,92,0,
2026-06-11T10:22:52.241Z,1781104759940,1781104938088,,247,92,0,
2026-06-11T10:22:55.249Z,1781104759940,1781104938088,,244,92,0,
2026-06-11T10:22:58.264Z,1781104759940,1781104938088,,238,92,0,
2026-06-11T10:23:01.281Z,1781104759940,1781104938088,,231,92,0,
2026-06-11T10:23:04.302Z,1781104759940,1781104938088,,242,92,0,
2026-06-11T10:23:07.317Z,1781104759940,1781104938088,,239,92,0,
2026-06-11T10:23:10.340Z,1781104759940,1781104938088,,235,92,0,
2026-06-11T10:23:13.357Z,1781104759940,1781104938088,,234,92,0,
2026-06-11T10:23:16.375Z,1781104759940,1781104938088,,245,92,0,
2026-06-11T10:23:19.400Z,1781104759940,1781104938088,,239,92,0,
2026-06-11T10:23:22.414Z,1781104759940,1781104938088,,244,92,0,
2026-06-11T10:23:25.430Z,1781104759940,1781104938088,,241,92,0,
2026-06-11T10:23:28.442Z,1781104759940,1781104938088,,230,92,0,
2026-06-11T10:23:31.453Z,1781104759940,1781104938088,,247,92,0,
2026-06-11T10:23:34.472Z,1781104759940,1781104938088,,230,92,0,
2026-06-11T10:23:37.486Z,1781104759940,1781104938088,,230,92,0,
2026-06-11T10:23:40.501Z,1781104759940,1781104938088,,237,92,0,
2026-06-11T10:23:43.526Z,1781104759940,1781104938088,,235,92,0,
2026-06-11T10:23:46.548Z,1781104759940,1781104938088,,237,92,0,
2026-06-11T10:23:49.566Z,1781104759940,1781104938088,,233,92,0,
2026-06-11T10:23:52.585Z,1781104759940,1781104938088,,240,92,0,
2026-06-11T10:23:55.609Z,1781104759940,1781104938088,,237,92,0,
2026-06-11T10:23:58.630Z,1781104759940,1781104938088,,249,92,0,
2026-06-11T10:24:01.648Z,1781104759940,1781104938088,,241,92,0,
2026-06-11T10:24:04.670Z,1781104759940,1781104938088,,233,92,0,
2026-06-11T10:24:07.688Z,1781104759940,1781104938088,,241,92,0,
2026-06-11T10:24:10.712Z,1781104759940,1781104938088,,237,92,0,
2026-06-11T10:24:13.740Z,1781104759940,1781104938088,,247,92,0,
2026-06-11T10:24:16.752Z,1781104759940,1781104938088,,232,92,0,
2026-06-11T10:24:19.767Z,1781104759940,1781104938088,,239,92,0,
2026-06-11T10:24:22.786Z,1781104759940,1781104938088,,234,92,0,
2026-06-11T10:24:25.809Z,1781104759940,1781104938088,,235,92,0,
2026-06-11T10:24:28.830Z,1781104759940,1781104938088,,233,92,0,
2026-06-11T10:24:31.842Z,1781104759940,1781104938088,,242,92,0,
2026-06-11T10:24:34.852Z,1781104759940,1781104938088,,231,92,0,
2026-06-11T10:24:37.874Z,1781104759940,1781104938088,,247,92,0,
2026-06-11T10:24:40.895Z,1781104759940,1781104938088,,233,92,0,
2026-06-11T10:24:43.912Z,1781104759940,1781104938088,,247,92,0,
2026-06-11T10:24:46.925Z,1781104759940,1781104938088,,249,92,0,
2026-06-11T10:24:49.936Z,1781104759940,1781104938088,,237,92,0,
2026-06-11T10:24:52.953Z,1781104759940,1781104938088,,230,92,0,
2026-06-11T10:24:55.967Z,1781104759940,1781104938088,,247,92,0,
2026-06-11T10:24:58.976Z,1781104759940,1781104938088,,244,92,0,
2026-06-11T10:25:01.989Z,1781104759940,1781104938088,,246,92,0,
2026-06-11T10:25:05.002Z,1781104759940,1781104938088,,232,92,0,
2026-06-11T10:25:08.016Z,1781104759940,1781104938088,,236,92,0,
2026-06-11T10:25:11.034Z,1781104759940,1781104938088,,232,92,0,
2026-06-11T10:25:14.051Z,1781104759940,1781104938088,,232,92,0,
2026-06-11T10:25:17.073Z,1781104759940,1781104938088,,234,92,0,
2026-06-11T10:25:20.087Z,1781104759940,1781104938088,,245,92,0,
2026-06-11T10:25:23.102Z,1781104759940,1781104938088,,247,92,0,
2026-06-11T10:25:26.115Z,1781104759940,1781104938088,,237,92,0,
2026-06-11T10:25:29.131Z,1781104759940,1781104938088,,246,92,0,
2026-06-11T10:25:32.141Z,1781104759940,1781104938088,,233,92,0,
2026-06-11T10:25:35.165Z,1781104759940,1781104938088,,236,92,0,
2026-06-11T10:25:38.178Z,1781104759940,1781104938088,,235,92,0,
2026-06-11T10:25:41.203Z,1781104759940,1781104938088,,248,92,0,
2026-06-11T10:25:44.218Z,1781104759940,1781104938088,,233,92,0,
2026-06-11T10:25:47.238Z,1781104759940,1781104938088,,246,92,0,
2026-06-11T10:25:50.261Z,1781104759940,1781104938088,,237,92,0,
2026-06-11T10:25:53.269Z,1781104759940,1781104938088,,236,92,0,
2026-06-11T10:25:56.282Z,1781104759940,1781104938088,,247,92,0,
2026-06-11T10:25:59.291Z,1781104759940,1781104938088,,248,92,0,
2026-06-11T10:26:02.298Z,1781104759940,1781104938088,,242,92,0,
2026-06-11T10:26:05.313Z,1781104759940,1781104938088,,233,92,0,
2026-06-11T10:26:08.339Z,1781104759940,1781104938088,,244,92,0,
2026-06-11T10:26:11.363Z,1781104759940,1781104938088,,237,92,0,
2026-06-11T10:26:14.381Z,1781104759940,1781104938088,,242,92,0,
2026-06-11T10:26:17.408Z,1781104759940,1781104938088,,240,92,0,
2026-06-11T10:26:20.436Z,1781104759940,1781104938088,,249,92,0,
2026-06-11T10:26:23.462Z,1781104759940,1781104938088,,233,92,0,
2026-06-11T10:26:26.478Z,1781104759940,1781104938088,,237,92,0,
2026-06-11T10:26:29.499Z,1781104759940,1781104938088,,240,92,0,
2026-06-11T10:26:32.527Z,1781104759940,1781104938088,,238,92,0,
2026-06-11T10:26:35.551Z,1781104759940,1781104938088,,234,92,0,
2026-06-11T10:26:38.562Z,1781104759940,1781104938088,,245,92,0,
2026-06-11T10:26:41.577Z,1781104759940,1781104938088,,230,92,0,
2026-06-11T10:26:44.588Z,1781104759940,1781104938088,,232,92,0,
2026-06-11T10:26:47.611Z,1781104759940,1781104938088,,230,92,0,
2026-06-11T10:26:50.628Z,1781104759940,1781104938088,,235,92,0,
2026-06-11T10:26:53.646Z,1781104759940,1781104938088,,232,92,0,
2026-06-11T10:26:56.670Z,1781104759940,1781104938088,,234,92,0,
2026-06-11T10:26:59.687Z,1781104759940,1781104938088,,249,92,0,
2026-06-11T10:27:02.707Z,1781104759940,1781104938088,,240,92,0,
2026-06-11T10:27:05.721Z,1781104759940,1781104938088,,241,92,0,
2026-06-11T10:27:08.739Z,1781104759940,1781104938088,,234,92,0,
2026-06-11T10:27:11.761Z,1781104759940,1781104938088,,235,92,0,
2026-06-11T10:27:14.772Z,1781104759940,1781104938088,,233,92,0,
2026-06-11T10:27:17.777Z,1781104759940,1781104938088,,247,92,0,
2026-06-11T10:27:20.796Z,1781104759940,1781104938088,,241,92,0,
2026-06-11T10:27:23.816Z,1781104759940,1781104938088,,247,92,0,
2026-06-11T10:27:26.822Z,1781104759940,1781104938088,,245,92,0,
2026-06-11T10:27:29.843Z,1781104759940,1781104938088,,247,92,0,
2026-06-11T10:27:32.864Z,1781104759940,1781104938088,,237,92,0,
2026-06-11T10:27:35.874Z,1781104759940,1781104938088,,245,92,0,
2026-06-11T10:27:38.887Z,1781104759940,1781104938088,,238,92,0,
2026-06-11T10:27:41.899Z,1781104759940,1781104938088,,247,92,0,
2026-06-11T10:27:44.919Z,1781104759940,1781104938088,,239,92,0,
2026-06-11T10:27:47.932Z,1781104759940,1781104938088,,248,92,0,
2026-06-11T10:27:50.949Z,1781104759940,1781104938088,,233,92,0,
2026-06-11T10:27:53.964Z,1781104759940,1781104938088,,232,92,0,
2026-06-11T10:27:56.984Z,1781104759940,1781104938088,,232,92,0,
2026-06-11T10:27:59.995Z,1781104759940,1781104938088,,234,92,0,
2026-06-11T10:28:03.015Z,1781104759940,1781104938088,,233,92,0,
2026-06-11T10:28:06.029Z,1781104759940,1781104938088,,232,92,0,
2026-06-11T10:28:09.045Z,1781104759940,1781104938088,,230,92,0,
2026-06-11T10:28:12.064Z,1781104759940,1781104938088,,234,92,0,
2026-06-11T10:28:15.083Z,1781104759940,1781104938088,,239,92,0,
2026-06-11T10:28:18.103Z,1781104759940,1781104938088,,244,92,0,
2026-06-11T10:28:21.125Z,1781104759940,1781104938088,,246,92,0,
2026-06-11T10:28:24.152Z,1781104759940,1781104938088,,245,92,0,
2026-06-11T10:28:27.166Z,1781104759940,1781104938088,,237,92,0,
2026-06-11T10:28:30.187Z,1781104759940,1781104938088,,235,92,0,
2026-06-11T10:28:33.198Z,1781104759940,1781104938088,,232,92,0,
2026-06-11T10:28:36.213Z,1781104759940,1781104938088,,246,92,0,
2026-06-11T10:28:39.234Z,1781104759940,1781104938088,,233,92,0,
2026-06-11T10:28:42.258Z,1781104759940,1781104938088,,245,92,0,
2026-06-11T10:28:45.278Z,1781104759940,1781104938088,,233,92,0,
2026-06-11T10:28:48.298Z,1781104759940,1781104938088,,232,92,0,
2026-06-11T10:28:51.318Z,1781104759940,1781104938088,,246,92,0,
2026-06-11T10:28:54.332Z,1781104759940,1781104938088,,248,92,0,
2026-06-11T10:28:57.349Z,1781104759940,1781104938088,,242,92,0,
2026-06-11T10:29:00.372Z,1781104759940,1781104938088,,238,92,0,
2026-06-11T10:43:05.303Z,1781104759940,1781104938088,,242,92,0,
2026-06-11T10:43:08.326Z,1781104759940,1781104938088,,236,92,0,
2026-06-11T10:43:11.342Z,1781104759940,1781104938088,,233,92,0,
2026-06-11T10:43:14.356Z,1781104759940,1781104938088,,249,92,0,
2026-06-11T10:43:17.375Z,1781104759940,1781104938088,,231,92,0,
2026-06-11T10:43:20.392Z,1781104759940,1781104938088,,235,92,0,
2026-06-11T10:43:23.405Z,1781104759940,1781104938088,,242,92,0,
2026-06-11T10:43:26.414Z,1781104759940,1781104938088,,232,92,0,
2026-06-11T10:43:29.431Z,1781104759940,1781104938088,,232,92,0,
2026-06-11T10:43:32.453Z,1781104759940,1781104938088,,248,92,0,
2026-06-11T10:43:35.472Z,1781104759940,1781104938088,,244,92,0,
2026-06-11T10:43:38.487Z,1781104759940,1781104938088,,237,92,0,
2026-06-11T10:43:41.499Z,1781104759940,1781104938088,,233,92,0,
2026-06-11T10:43:44.514Z,1781104759940,1781104938088,,248,92,0,
2026-06-11T10:43:47.530Z,1781104759940,1781104938088,,248,92,0,
2026-06-11T10:43:50.542Z,1781104759940,1781104938088,,239,92,0,
2026-06-11T10:43:53.561Z,1781104759940,1781104938088,,240,92,0,
2026-06-11T10:43:56.583Z,1781104759940,1781104938088,,240,92,0,
2026-06-11T10:43:59.601Z,1781104759940,1781104938088,,233,92,0,
2026-06-11T10:44:02.620Z,1781104759940,1781104938088,,236,92,0,
2026-06-11T10:44:05.634Z,1781104759940,1781104938088,,236,92,0,
2026-06-11T10:44:08.646Z,1781104759940,1781104938088,,241,92,0,
2026-06-11T10:44:11.662Z,1781104759940,1781104938088,,239,92,0,
2026-06-11T10:44:14.681Z,1781104759940,1781104938088,,231,92,0,
2026-06-11T10:44:17.707Z,1781104759940,1781104938088,,242,92,0,
2026-06-11T10:44:20.725Z,1781104759940,1781104938088,,240,92,0,
2026-06-11T10:44:23.735Z,1781104759940,1781104938088,,248,92,0,
2026-06-11T10:44:26.750Z,1781104759940,1781104938088,,238,92,0,
2026-06-11T10:44:29.763Z,1781104759940,1781104938088,,236,92,0,
2026-06-11T10:44:32.775Z,1781104759940,1781104938088,,245,92,0,
2026-06-11T10:44:35.785Z,1781104759940,1781104938088,,247,92,0,
2026-06-11T10:44:38.802Z,1781104759940,1781104938088,,242,92,0,
2026-06-11T10:44:41.819Z,1781104759940,1781104938088,,244,92,0,
2026-06-11T10:44:44.836Z,1781104759940,1781104938088,,245,92,0,
2026-06-11T10:44:47.858Z,1781104759940,1781104938088,,236,92,0,
2026-06-11T10:44:50.875Z,1781104759940,1781104938088,,242,92,0,
2026-06-11T10:44:53.892Z,1781104759940,1781104938088,,249,92,0,
2026-06-11T10:44:56.915Z,1781104759940,1781104938088,,248,92,0,
2026-06-11T10:44:59.938Z,1781104759940,1781104938088,,235,92,0,
2026-06-11T10:45:02.956Z,1781104759940,1781104938088,,247,92,0,
2026-06-11T10:45:05.975Z,1781104759940,1781104938088,,235,92,0,
2026-06-11T10:45:08.999Z,1781104759940,1781104938088,,245,92,0,
2026-06-11T10:45:12.020Z,1781104759940,1781104938088,,249,92,0,
2026-06-11T10:45:15.031Z,1781104759940,1781104938088,,235,92,0,
2026-06-11T10:45:18.047Z,1781104759940,1781104938088,,233,92,0,
2026-06-11T10:45:21.064Z,1781104759940,1781104938088,,241,92,0,
2026-06-11T10:45:24.079Z,1781104759940,1781104938088,,235,92,0,
2026-06-11T10:45:27.094Z,1781104759940,1781104938088,,231,92,0,
2026-06-11T10:45:30.114Z,1781104759940,1781104938088,,248,92,0,
2026-06-11T10:45:33.125Z,1781104759940,1781104938088,,238,92,0,
2026-06-11T10:45:36.143Z,1781104759940,1781104938088,,239,92,0,
2026-06-11T10:45:39.155Z,1781104759940,1781104938088,,244,92,0,
2026-06-11T10:45:42.174Z,1781104759940,1781104938088,,241,92,0,
2026-06-11T10:45:45.186Z,1781104759940,1781104938088,,238,92,0,
2026-06-11T10:45:48.203Z,1781104759940,1781104938088,,236,92,0,
2026-06-11T10:45:51.212Z,1781104759940,1781104938088,,234,92,0,
2026-06-11T10:45:54.239Z,1781104759940,1781104938088,,232,92,0,
2026-06-11T10:45:57.251Z,1781104759940,1781104938088,,230,92,0,
2026-06-11T10:46:00.266Z,1781104759940,1781104938088,,246,92,0,
2026-06-11T10:46:03.285Z,1781104759940,1781104938088,,237,92,0,
2026-06-11T10:46:06.301Z,1781104759940,1781104938088,,230,92,0,
2026-06-11T10:46:09.318Z,1781104759940,1781104938088,,232,92,0,
2026-06-11T10:46:12.333Z,1781104759940,1781104938088,,249,92,0,
2026-06-11T10:46:15.348Z,1781104759940,1781104938088,,233,92,0,
2026-06-11T10:46:18.365Z,1781104759940,1781104938088,,235,92,0,
2026-06-11T10:46:21.375Z,1781104759940,1781104938088,,233,92,0,
2026-06-11T10:46:24.390Z,1781104759940,1781104938088,,242,92,0,
2026-06-11T10:46:27.413Z,1781104759940,1781104938088,,236,92,0,
2026-06-11T10:46:30.431Z,1781104759940,1781104938088,,245,92,0,
2026-06-11T10:46:33.452Z,1781104759940,1781104938088,,246,92,0,
2026-06-11T10:46:36.471Z,1781104759940,1781104938088,,240,92,0,
2026-06-11T10:46:39.486Z,1781104759940,1781104938088,,246,92,0,
2026-06-11T10:46:42.501Z,1781104759940,1781104938088,,231,92,0,
2026-06-11T10:46:45.521Z,1781104759940,1781104938088,,233,92,0,
2026-06-11T10:46:48.536Z,1781104759940,1781104938088,,245,92,0,
2026-06-11T10:46:51.553Z,1781104759940,1781104938088,,232,92,0,
2026-06-11T10:46:54.566Z,1781104759940,1781104938088,,241,92,0,
2026-06-11T10:46:57.587Z,1781104759940,1781104938088,,239,92,0,
2026-06-11T10:47:00.616Z,1781104759940,1781104938088,,239,92,0,
2026-06-11T10:47:03.634Z,1781104759940,1781104938088,,246,92,0,
2026-06-11T10:47:06.654Z,1781104759940,1781104938088,,236,92,0,
2026-06-11T10:47:09.677Z,1781104759940,1781104938088,,231,92,0,
2026-06-11T10:47:12.694Z,1781104759940,1781104938088,,245,92,0,
2026-06-11T10:47:15.708Z,1781104759940,1781104938088,,233,92,0,
2026-06-11T10:47:18.719Z,1781104759940,1781104938088,,249,92,0,
2026-06-11T10:47:21.741Z,1781104759940,1781104938088,,242,92,0,
2026-06-11T10:47:24.758Z,1781104759940,1781104938088,,247,92,0,
2026-06-11T10:47:27.772Z,1781104759940,1781104938088,,234,92,0,
2026-06-11T10:47:30.791Z,1781104759940,1781104938088,,246,92,0,
2026-06-11T10:47:33.800Z,1781104759940,1781104938088,,240,92,0,
2026-06-11T10:47:36.819Z,1781104759940,1781104938088,,248,92,0,
2026-06-11T10:47:39.835Z,1781104759940,1781104938088,,240,92,0,
2026-06-11T10:47:42.853Z,1781104759940,1781104938088,,230,92,0,
2026-06-11T10:47:45.866Z,1781104759940,1781104938088,,246,92,0,
2026-06-11T10:47:48.879Z,1781104759940,1781104938088,,233,92,0,
2026-06-11T10:47:51.896Z,1781104759940,1781104938088,,247,92,0,
2026-06-11T10:47:54.912Z,1781104759940,1781104938088,,233,92,0,
2026-06-11T10:47:57.924Z,1781104759940,1781104938088,,241,92,0,
2026-06-11T10:48:00.936Z,1781104759940,1781104938088,,242,92,0,
2026-06-11T10:48:03.958Z,1781104759940,1781104938088,,232,92,0,
2026-06-11T10:48:06.974Z,1781104759940,1781104938088,,238,92,0,
2026-06-11T10:48:09.987Z,1781104759940,1781104938088,,245,92,0,
2026-06-11T10:48:12.998Z,1781104759940,1781104938088,,237,92,0,
2026-06-11T10:48:16.017Z,1781104759940,1781104938088,,240,92,0,
2026-06-11T10:48:19.027Z,1781104759940,1781104938088,,234,92,0,
2026-06-11T10:48:22.044Z,1781104759940,1781104938088,,233,92,0,
2026-06-11T10:48:25.069Z,1781104759940,1781104938088,,239,92,0,
2026-06-11T10:48:28.081Z,1781104759940,1781104938088,,249,92,0,
2026-06-11T10:48:31.099Z,1781104759940,1781104938088,,244,92,0,
2026-06-11T10:48:34.115Z,1781104759940,1781104938088,,236,92,0,
2026-06-11T10:48:37.132Z,1781104759940,1781104938088,,244,92,0,
2026-06-11T10:48:40.145Z,1781104759940,1781104938088,,240,92,0,
2026-06-11T10:48:43.157Z,1781104759940,1781104938088,,238,92,0,
2026-06-11T10:48:46.175Z,1781104759940,1781104938088,,231,92,0,
2026-06-11T10:48:49.193Z,1781104759940,1781104938088,,244,92,0,
2026-06-11T10:48:52.209Z,1781104759940,1781104938088,,234,92,0,
2026-06-11T10:48:55.228Z,1781104759940,1781104938088,,245,92,0,
2026-06-11T10:48:58.241Z,1781104759940,1781104938088,,234,92,0,
2026-06-11T10:49:01.261Z,1781104759940,1781104938088,,241,92,0,
2026-06-11T10:49:04.278Z,1781104759940,1781104938088,,233,92,0,
2026-06-11T10:49:07.289Z,1781104759940,1781104938088,,245,92,0,
2026-06-11T10:49:10.304Z,1781104759940,1781104938088,,237,92,0,
2026-06-11T10:49:13.315Z,1781104759940,1781104938088,,235,92,0,
2026-06-11T10:49:16.334Z,1781104759940,1781104938088,,233,92,0,
2026-06-11T10:49:19.350Z,1781104759940,1781104938088,,238,92,0,
2026-06-11T10:49:22.361Z,1781104759940,1781104938088,,246,92,0,
2026-06-11T10:49:25.378Z,1781104759940,1781104938088,,230,92,0,
2026-06-11T10:49:28.398Z,1781104759940,1781104938088,,239,92,0,
2026-06-11T10:49:31.412Z,1781104759940,1781104938088,,235,92,0,
2026-06-11T10:49:34.426Z,1781104759940,1781104938088,,233,92,0,
2026-06-11T10:49:37.443Z,1781104759940,1781104938088,,240,92,0,
2026-06-11T10:49:40.459Z,1781104759940,1781104938088,,249,92,0,
2026-06-11T10:49:43.473Z,1781104759940,1781104938088,,235,92,0,
2026-06-11T10:49:46.490Z,1781104759940,1781104938088,,232,92,0,
2026-06-11T10:49:49.503Z,1781104759940,1781104938088,,234,92,0,
2026-06-11T10:49:52.517Z,1781104759940,1781104938088,,249,92,0,
2026-06-11T10:49:55.533Z,1781104759940,1781104938088,,248,92,0,
2026-06-11T10:49:58.551Z,1781104759940,1781104938088,,233,92,0,
2026-06-11T10:50:01.571Z,1781104759940,1781104938088,,240,92,0,
2026-06-11T10:50:04.587Z,1781104759940,1781104938088,,241,92,0,
2026-06-11T10:50:07.603Z,1781104759940,1781104938088,,240,92,0,
2026-06-11T10:50:10.618Z,1781104759940,1781104938088,,237,92,0,
2026-06-11T10:50:13.631Z,1781104759940,1781104938088,,231,92,0,
2026-06-11T10:50:16.648Z,1781104759940,1781104938088,,239,92,0,
2026-06-11T10:50:19.664Z,1781104759940,1781104938088,,233,92,0,
2026-06-11T10:50:22.674Z,1781104759940,1781104938088,,231,92,0,
2026-06-11T10:50:25.694Z,1781104759940,1781104938088,,242,92,0,
2026-06-11T10:50:28.705Z,1781104759940,1781104938088,,241,92,0,
2026-06-11T10:50:31.720Z,1781104759940,1781104938088,,245,92,0,
2026-06-11T10:50:34.742Z,1781104759940,1781104938088,,231,92,0,
2026-06-11T10:50:37.751Z,1781104759940,1781104938088,,238,92,0,
2026-06-11T10:50:40.774Z,1781104759940,1781104938088,,232,92,0,
2026-06-11T10:50:43.791Z,1781104759940,1781104938088,,241,92,0,
2026-06-11T10:50:46.804Z,1781104759940,1781104938088,,238,92,0,
2026-06-11T10:50:49.816Z,1781104759940,1781104938088,,238,92,0,
2026-06-11T10:50:52.837Z,1781104759940,1781104938088,,246,92,0,
2026-06-11T10:50:55.867Z,1781104759940,1781104938088,,233,92,0,
2026-06-11T10:50:58.882Z,1781104759940,1781104938088,,235,92,0,
2026-06-11T10:51:01.904Z,1781104759940,1781104938088,,233,92,0,
2026-06-11T10:51:04.925Z,1781104759940,1781104938088,,234,92,0,
2026-06-11T10:51:07.945Z,1781104759940,1781104938088,,232,92,0,
2026-06-11T10:51:10.958Z,1781104759940,1781104938088,,240,92,0,
2026-06-11T10:51:13.977Z,1781104759940,1781104938088,,242,92,0,
2026-06-11T10:51:16.992Z,1781104759940,1781104938088,,242,92,0,
2026-06-11T10:51:20.004Z,1781104759940,1781104938088,,239,92,0,
2026-06-11T10:51:23.016Z,1781104759940,1781104938088,,238,92,0,
2026-06-11T10:51:26.032Z,1781104759940,1781104938088,,230,92,0,
2026-06-11T10:51:29.041Z,1781104759940,1781104938088,,234,92,0,
2026-06-11T10:51:32.053Z,1781104759940,1781104938088,,237,92,0,
2026-06-11T10:51:35.063Z,1781104759940,1781104938088,,231,92,0,
2026-06-11T10:51:38.084Z,1781104759940,1781104938088,,233,92,0,
2026-06-11T10:51:41.096Z,1781104759940,1781104938088,,246,92,0,
2026-06-11T10:51:44.113Z,1781104759940,1781104938088,,232,92,0,
2026-06-11T10:51:47.124Z,1781104759940,1781104938088,,233,92,0,
2026-06-11T10:51:50.140Z,1781104759940,1781104938088,,234,92,0,
2026-06-11T10:51:53.162Z,1781104759940,1781104938088,,232,92,0,
2026-06-11T10:51:56.180Z,1781104759940,1781104938088,,240,92,0,
2026-06-11T10:51:59.191Z,1781104759940,1781104938088,,242,92,0,
2026-06-11T10:52:02.210Z,1781104759940,1781104938088,,248,92,0,
2026-06-11T10:52:05.227Z,1781104759940,1781104938088,,238,92,0,
2026-06-11T10:52:08.249Z,1781104759940,1781104938088,,230,92,0,
2026-06-11T10:52:11.266Z,1781104759940,1781104938088,,249,92,0,
2026-06-11T10:52:14.280Z,1781104759940,1781104938088,,245,92,0,
2026-06-11T10:52:17.292Z,1781104759940,1781104938088,,240,92,0,
2026-06-11T10:52:20.304Z,1781104759940,1781104938088,,232,92,0,
2026-06-11T10:52:23.315Z,1781104759940,1781104938088,,249,92,0,
2026-06-11T10:52:26.337Z,1781104759940,1781104938088,,244,92,0,
2026-06-11T10:52:29.351Z,1781104759940,1781104938088,,246,92,0,
2026-06-11T10:52:32.374Z,1781104759940,1781104938088,,231,92,0,
2026-06-11T10:52:35.387Z,1781104759940,1781104938088,,230,92,0,
2026-06-11T10:52:38.398Z,1781104759940,1781104938088,,241,92,0,
2026-06-11T10:52:41.407Z,1781104759940,1781104938088,,234,92,0,
2026-06-11T10:52:44.418Z,1781104759940,1781104938088,,242,92,0,
2026-06-11T10:52:47.432Z,1781104759940,1781104938088,,232,92,0,
2026-06-11T10:52:50.464Z,1781104759940,1781104938088,,234,92,0,
2026-06-11T10:52:53.483Z,1781104759940,1781104938088,,233,92,0,
2026-06-11T10:52:56.498Z,1781104759940,1781104938088,,237,92,0,
2026-06-11T10:52:59.524Z,1781104759940,1781104938088,,238,92,0,
2026-06-11T10:53:02.545Z,1781104759940,1781104938088,,246,92,0,
2026-06-11T10:53:05.561Z,1781104759940,1781104938088,,239,92,0,
2026-06-11T10:53:08.575Z,1781104759940,1781104938088,,233,92,0,
2026-06-11T10:53:11.589Z,1781104759940,1781104938088,,244,92,0,
2026-06-11T10:53:14.605Z,1781104759940,1781104938088,,248,92,0,
2026-06-11T10:53:17.616Z,1781104759940,1781104938088,,239,92,0,
2026-06-11T10:53:20.643Z,1781104759940,1781104938088,,236,92,0,
2026-06-11T10:53:23.655Z,1781104759940,1781104938088,,238,92,0,
2026-06-11T10:53:26.661Z,1781104759940,1781104938088,,245,92,0,
2026-06-11T10:53:29.688Z,1781104759940,1781104938088,,242,92,0,
2026-06-11T10:53:32.695Z,1781104759940,1781104938088,,249,92,0,
2026-06-11T10:53:35.706Z,1781104759940,1781104938088,,235,92,0,
2026-06-11T10:53:38.728Z,1781104759940,1781104938088,,245,92,0,
2026-06-11T10:53:41.747Z,1781104759940,1781104938088,,236,92,0,
2026-06-11T10:53:44.760Z,1781104759940,1781104938088,,232,92,0,
2026-06-11T10:53:47.774Z,1781104759940,1781104938088,,241,92,0,
2026-06-11T10:53:50.790Z,1781104759940,1781104938088,,248,92,0,
2026-06-11T10:53:53.808Z,1781104759940,1781104938088,,246,92,0,
2026-06-11T10:53:56.823Z,1781104759940,1781104938088,,245,92,0,
2026-06-11T10:53:59.836Z,1781104759940,1781104938088,,247,92,0,
2026-06-11T10:54:02.858Z,1781104759940,1781104938088,,247,92,0,
2026-06-11T10:54:05.867Z,1781104759940,1781104938088,,230,92,0,
2026-06-11T10:54:08.884Z,1781104759940,1781104938088,,247,92,0,
2026-06-11T10:54:11.935Z,1781104759940,1781104938088,,234,92,0,
2026-06-11T10:54:14.951Z,1781104759940,1781104938088,,236,92,0,
2026-06-11T10:54:17.960Z,1781104759940,1781104938088,,245,92,0,
2026-06-11T10:54:20.980Z,1781104759940,1781104938088,,236,92,0,
2026-06-11T10:54:23.996Z,1781104759940,1781104938088,,236,92,0,
2026-06-11T10:54:27.011Z,1781104759940,1781104938088,,231,92,0,
2026-06-11T10:54:30.025Z,1781104759940,1781104938088,,241,92,0,
2026-06-11T10:54:33.048Z,1781104759940,1781104938088,,231,92,0,
2026-06-11T10:54:36.062Z,1781104759940,1781104938088,,233,92,0,
2026-06-11T10:54:39.073Z,1781104759940,1781104938088,,245,92,0,
2026-06-11T10:54:42.088Z,1781104759940,1781104938088,,244,92,0,
2026-06-11T10:54:45.109Z,1781104759940,1781104938088,,239,92,0,
2026-06-11T10:54:48.124Z,1781104759940,1781104938088,,245,92,0,
2026-06-11T10:54:51.141Z,1781104759940,1781104938088,,245,92,0,
2026-06-11T10:54:54.155Z,1781104759940,1781104938088,,237,92,0,
2026-06-11T10:54:57.178Z,1781104759940,1781104938088,,242,92,0,
2026-06-11T10:55:00.188Z,1781104759940,1781104938088,,235,92,0,
2026-06-11T10:55:03.203Z,1781104759940,1781104938088,,239,92,0,
2026-06-11T10:55:06.220Z,1781104759940,1781104938088,,247,92,0,
2026-06-11T10:55:09.240Z,1781104759940,1781104938088,,232,92,0,
2026-06-11T10:55:12.266Z,1781104759940,1781104938088,,240,92,0,
2026-06-11T10:55:15.288Z,1781104759940,1781104938088,,236,92,0,
2026-06-11T10:55:18.300Z,1781104759940,1781104938088,,246,92,0,
2026-06-11T10:55:21.314Z,1781104759940,1781104938088,,237,92,0,
2026-06-11T10:55:24.332Z,1781104759940,1781104938088,,236,92,0,
2026-06-11T10:55:27.348Z,1781104759940,1781104938088,,231,92,0,
2026-06-11T10:55:30.364Z,1781104759940,1781104938088,,240,92,0,
2026-06-11T10:55:33.386Z,1781104759940,1781104938088,,230,92,0,
2026-06-11T10:55:36.408Z,1781104759940,1781104938088,,230,92,0,
2026-06-11T10:55:39.420Z,1781104759940,1781104938088,,238,92,0,
2026-06-11T10:55:42.436Z,1781104759940,1781104938088,,237,92,0,
2026-06-11T10:55:45.452Z,1781104759940,1781104938088,,232,92,0,
2026-06-11T10:55:48.471Z,1781104759940,1781104938088,,239,92,0,
2026-06-11T10:55:51.486Z,1781104759940,1781104938088,,233,92,0,
2026-06-11T10:55:54.501Z,1781104759940,1781104938088,,233,92,0,
2026-06-11T10:55:57.517Z,1781104759940,1781104938088,,241,92,0,
2026-06-11T10:56:00.538Z,1781104759940,1781104938088,,234,92,0,
2026-06-11T10:56:03.545Z,1781104759940,1781104938088,,248,92,0,
2026-06-11T10:56:06.565Z,1781104759940,1781104938088,,248,92,0,
2026-06-11T10:56:09.572Z,1781104759940,1781104938088,,236,92,0,
2026-06-11T10:56:12.595Z,1781104759940,1781104938088,,235,92,0,
2026-06-11T10:56:15.606Z,1781104759940,1781104938088,,234,92,0,
2026-06-11T10:56:18.620Z,1781104759940,1781104938088,,241,92,0,
2026-06-11T10:56:21.635Z,1781104759940,1781104938088,,240,92,0,
2026-06-11T10:56:24.651Z,1781104759940,1781104938088,,235,92,0,
2026-06-11T10:56:27.671Z,1781104759940,1781104938088,,238,92,0,
2026-06-11T10:56:30.687Z,1781104759940,1781104938088,,235,92,0,
2026-06-11T10:56:33.704Z,1781104759940,1781104938088,,241,92,0,
2026-06-11T10:56:36.719Z,1781104759940,1781104938088,,233,92,0,
2026-06-11T10:56:39.733Z,1781104759940,1781104938088,,233,92,0,
2026-06-11T10:56:42.751Z,1781104759940,1781104938088,,237,92,0,
2026-06-11T10:56:45.763Z,1781104759940,1781104938088,,235,92,0,
2026-06-11T10:56:48.780Z,1781104759940,1781104938088,,245,92,0,
2026-06-11T10:56:51.788Z,1781104759940,1781104938088,,240,92,0,
2026-06-11T10:56:54.813Z,1781104759940,1781104938088,,232,92,0,
2026-06-11T10:56:57.830Z,1781104759940,1781104938088,,233,92,0,
2026-06-11T10:57:00.850Z,1781104759940,1781104938088,,241,92,0,
2026-06-11T10:57:03.871Z,1781104759940,1781104938088,,236,92,0,
2026-06-11T10:57:06.888Z,1781104759940,1781104938088,,248,92,0,
2026-06-11T10:57:09.902Z,1781104759940,1781104938088,,230,92,0,
2026-06-11T10:57:12.919Z,1781104759940,1781104938088,,231,92,0,
2026-06-11T10:57:15.939Z,1781104759940,1781104938088,,231,92,0,
2026-06-11T10:57:18.954Z,1781104759940,1781104938088,,233,92,0,
2026-06-11T10:57:21.969Z,1781104759940,1781104938088,,233,92,0,
2026-06-11T10:57:24.987Z,1781104759940,1781104938088,,248,92,0,
2026-06-11T10:57:27.997Z,1781104759940,1781104938088,,242,92,0,
2026-06-11T10:57:31.012Z,1781104759940,1781104938088,,248,92,0,
2026-06-11T10:57:34.029Z,1781104759940,1781104938088,,233,92,0,
2026-06-11T10:57:37.046Z,1781104759940,1781104938088,,234,92,0,
2026-06-11T10:57:40.062Z,1781104759940,1781104938088,,233,92,0,
2026-06-11T10:57:43.084Z,1781104759940,1781104938088,,233,92,0,
2026-06-11T10:57:46.110Z,1781104759940,1781104938088,,240,92,0,
2026-06-11T10:57:49.122Z,1781104759940,1781104938088,,248,92,0,
2026-06-11T10:57:52.142Z,1781104759940,1781104938088,,236,92,0,
2026-06-11T10:57:55.155Z,1781104759940,1781104938088,,237,92,0,
2026-06-11T10:57:58.172Z,1781104759940,1781104938088,,231,92,0,
2026-06-11T10:58:01.187Z,1781104759940,1781104938088,,240,92,0,
2026-06-11T10:58:04.203Z,1781104759940,1781104938088,,238,92,0,
2026-06-11T10:58:07.217Z,1781104759940,1781104938088,,247,92,0,
2026-06-11T10:58:10.235Z,1781104759940,1781104938088,,239,92,0,
2026-06-11T10:58:13.249Z,1781104759940,1781104938088,,246,92,0,
2026-06-11T10:58:16.267Z,1781104759940,1781104938088,,230,92,0,
2026-06-11T10:58:19.286Z,1781104759940,1781104938088,,238,92,0,
2026-06-11T10:58:22.296Z,1781104759940,1781104938088,,233,92,0,
2026-06-11T10:58:25.312Z,1781104759940,1781104938088,,241,92,0,
2026-06-11T10:58:28.325Z,1781104759940,1781104938088,,246,92,0,
2026-06-11T10:58:31.342Z,1781104759940,1781104938088,,245,92,0,
2026-06-11T10:58:34.363Z,1781104759940,1781104938088,,239,92,0,
2026-06-11T10:58:37.375Z,1781104759940,1781104938088,,249,92,0,
2026-06-11T10:58:40.393Z,1781104759940,1781104938088,,242,92,0,
2026-06-11T10:58:43.409Z,1781104759940,1781104938088,,233,92,0,
2026-06-11T10:58:46.415Z,1781104759940,1781104938088,,233,92,0,
2026-06-11T10:58:49.425Z,1781104759940,1781104938088,,240,92,0,
2026-06-11T10:58:52.437Z,1781104759940,1781104938088,,242,92,0,
2026-06-11T10:58:55.453Z,1781104759940,1781104938088,,234,92,0,
2026-06-11T10:58:58.468Z,1781104759940,1781104938088,,233,92,0,
2026-06-11T10:59:01.479Z,1781104759940,1781104938088,,245,92,0,
2026-06-11T10:59:04.500Z,1781104759940,1781104938088,,238,92,0,
2026-06-11T10:59:07.516Z,1781104759940,1781104938088,,241,92,0,
2026-06-11T10:59:10.536Z,1781104759940,1781104938088,,245,92,0,
2026-06-11T10:59:13.548Z,1781104759940,1781104938088,,233,92,0,
2026-06-11T10:59:16.567Z,1781104759940,1781104938088,,247,92,0,
2026-06-11T10:59:19.578Z,1781104759940,1781104938088,,240,92,0,
2026-06-11T10:59:22.595Z,1781104759940,1781104938088,,236,92,0,
2026-06-11T10:59:25.616Z,1781104759940,1781104938088,,242,92,0,
2026-06-11T10:59:28.626Z,1781104759940,1781104938088,,240,92,0,
2026-06-11T10:59:31.640Z,1781104759940,1781104938088,,236,92,0,
2026-06-11T10:59:34.653Z,1781104759940,1781104938088,,234,92,0,
2026-06-11T10:59:37.663Z,1781104759940,1781104938088,,245,92,0,
2026-06-11T10:59:40.675Z,1781104759940,1781104938088,,245,92,0,
2026-06-11T10:59:43.694Z,1781104759940,1781104938088,,233,92,0,
2026-06-11T10:59:46.718Z,1781104759940,1781104938088,,233,92,0,
2026-06-11T10:59:49.740Z,1781104759940,1781104938088,,230,92,0,
2026-06-11T10:59:52.753Z,1781104759940,1781104938088,,242,92,0,
2026-06-11T10:59:55.770Z,1781104759940,1781104938088,,235,92,0,
2026-06-11T10:59:58.786Z,1781104759940,1781104938088,,233,92,0,
2026-06-11T11:00:01.805Z,1781104759940,1781104938088,,249,92,0,
2026-06-11T11:00:04.823Z,1781104759940,1781104938088,,248,92,0,
2026-06-11T11:00:07.833Z,1781104759940,1781104938088,,239,92,0,
2026-06-11T11:00:10.847Z,1781104759940,1781104938088,,230,92,0,
2026-06-11T11:00:13.863Z,1781104759940,1781104938088,,233,92,0,
2026-06-11T11:00:16.880Z,1781104759940,1781104938088,,233,92,0,
2026-06-11T11:00:19.902Z,1781104759940,1781104938088,,232,92,0,
2026-06-11T11:00:22.914Z,1781104759940,1781104938088,,240,92,0,
2026-06-11T11:00:25.931Z,1781104759940,1781104938088,,245,92,0,
2026-06-11T11:00:28.941Z,1781104759940,1781104938088,,240,92,0,
2026-06-11T11:00:31.963Z,1781104759940,1781104938088,,240,92,0,
2026-06-11T11:00:34.978Z,1781104759940,1781104938088,,244,92,0,
2026-06-11T11:00:37.997Z,1781104759940,1781104938088,,238,92,0,
2026-06-11T11:00:41.020Z,1781104759940,1781104938088,,244,92,0,
2026-06-11T11:00:44.037Z,1781104759940,1781104938088,,233,92,0,
2026-06-11T11:00:47.051Z,1781104759940,1781104938088,,236,92,0,
2026-06-11T11:00:50.072Z,1781104759940,1781104938088,,246,92,0,
2026-06-11T11:00:53.089Z,1781104759940,1781104938088,,233,92,0,
2026-06-11T11:00:56.111Z,1781104759940,1781104938088,,241,92,0,
2026-06-11T11:00:59.128Z,1781104759940,1781104938088,,241,92,0,
2026-06-11T11:01:02.153Z,1781104759940,1781104938088,,241,92,0,
2026-06-11T11:01:05.177Z,1781104759940,1781104938088,,248,92,0,
2026-06-11T11:01:08.209Z,1781104759940,1781104938088,,241,92,0,
2026-06-11T11:01:11.222Z,1781104759940,1781104938088,,236,92,0,
2026-06-11T11:01:14.248Z,1781104759940,1781104938088,,235,92,0,
2026-06-11T11:01:17.266Z,1781104759940,1781104938088,,236,92,0,
2026-06-11T11:01:20.285Z,1781104759940,1781104938088,,235,92,0,
2026-06-11T11:01:23.308Z,1781104759940,1781104938088,,245,92,0,
2026-06-11T11:01:26.328Z,1781104759940,1781104938088,,241,92,0,
2026-06-11T11:01:29.343Z,1781104759940,1781104938088,,239,92,0,
2026-06-11T11:01:32.358Z,1781104759940,1781104938088,,248,92,0,
2026-06-11T11:01:35.371Z,1781104759940,1781104938088,,238,92,0,
2026-06-11T11:01:38.395Z,1781104759940,1781104938088,,232,92,0,
2026-06-11T11:01:41.410Z,1781104759940,1781104938088,,233,92,0,
2026-06-11T11:01:44.426Z,1781104759940,1781104938088,,234,92,0,
2026-06-11T11:01:47.435Z,1781104759940,1781104938088,,231,92,0,
2026-06-11T11:01:50.456Z,1781104759940,1781104938088,,230,92,0,
2026-06-11T11:01:53.486Z,1781104759940,1781104938088,,245,92,0,
2026-06-11T11:01:56.497Z,1781104759940,1781104938088,,249,92,0,
2026-06-11T11:01:59.512Z,1781104759940,1781104938088,,247,92,0,
2026-06-11T11:02:02.524Z,1781104759940,1781104938088,,238,92,0,
2026-06-11T11:02:05.542Z,1781104759940,1781104938088,,240,92,0,
2026-06-11T11:02:08.552Z,1781104759940,1781104938088,,239,92,0,
2026-06-11T11:02:11.563Z,1781104759940,1781104938088,,247,92,0,
2026-06-11T11:02:14.587Z,1781104759940,1781104938088,,238,92,0,
2026-06-11T11:02:17.596Z,1781104759940,1781104938088,,235,92,0,
2026-06-11T11:02:20.620Z,1781104759940,1781104938088,,232,92,0,
2026-06-11T11:02:23.636Z,1781104759940,1781104938088,,233,92,0,
2026-06-11T11:02:26.649Z,1781104759940,1781104938088,,233,92,0,
2026-06-11T11:02:29.668Z,1781104759940,1781104938088,,239,92,0,
2026-06-11T11:02:32.678Z,1781104759940,1781104938088,,246,92,0,
2026-06-11T11:02:35.691Z,1781104759940,1781104938088,,230,92,0,
2026-06-11T11:02:38.706Z,1781104759940,1781104938088,,236,92,0,
2026-06-11T11:02:41.723Z,1781104759940,1781104938088,,231,92,0,
2026-06-11T11:02:44.738Z,1781104759940,1781104938088,,240,92,0,
2026-06-11T11:02:47.762Z,1781104759940,1781104938088,,231,92,0,
2026-06-11T11:02:50.783Z,1781104759940,1781104938088,,244,92,0,
2026-06-11T11:02:53.796Z,1781104759940,1781104938088,,237,92,0,
2026-06-11T11:02:56.805Z,1781104759940,1781104938088,,244,92,0,
2026-06-11T11:02:59.830Z,1781104759940,1781104938088,,236,92,0,
2026-06-11T11:03:02.857Z,1781104759940,1781104938088,,242,92,0,
2026-06-11T11:03:05.875Z,1781104759940,1781104938088,,239,92,0,
2026-06-11T11:03:08.887Z,1781104759940,1781104938088,,234,92,0,
2026-06-11T11:03:11.900Z,1781104759940,1781104938088,,249,92,0,
2026-06-11T11:03:14.913Z,1781104759940,1781104938088,,248,92,0,
2026-06-11T11:03:17.925Z,1781104759940,1781104938088,,233,92,0,
2026-06-11T11:03:20.944Z,1781104759940,1781104938088,,232,92,0,
2026-06-11T11:03:23.967Z,1781104759940,1781104938088,,232,92,0,
2026-06-11T11:03:26.984Z,1781104759940,1781104938088,,240,92,0,
2026-06-11T11:03:30.005Z,1781104759940,1781104938088,,240,92,0,
2026-06-11T11:03:33.017Z,1781104759940,1781104938088,,236,92,0,
2026-06-11T11:03:36.031Z,1781104759940,1781104938088,,233,92,0,
2026-06-11T11:03:39.047Z,1781104759940,1781104938088,,233,92,0,
2026-06-11T11:03:42.064Z,1781104759940,1781104938088,,248,92,0,
2026-06-11T11:03:45.079Z,1781104759940,1781104938088,,231,92,0,
2026-06-11T11:03:48.091Z,1781104759940,1781104938088,,233,92,0,
2026-06-11T11:03:51.106Z,1781104759940,1781104938088,,233,92,0,
2026-06-11T11:03:54.109Z,1781104759940,1781104938088,,231,92,0,
2026-06-11T11:03:57.124Z,1781104759940,1781104938088,,233,92,0,
2026-06-11T11:04:00.140Z,1781104759940,1781104938088,,238,92,0,
2026-06-11T11:04:03.155Z,1781104759940,1781104938088,,233,92,0,
2026-06-11T11:04:06.170Z,1781104759940,1781104938088,,233,92,0,
2026-06-11T11:04:09.181Z,1781104759940,1781104938088,,241,92,0,
2026-06-11T11:04:12.196Z,1781104759940,1781104938088,,239,92,0,
2026-06-11T11:04:15.213Z,1781104759940,1781104938088,,237,92,0,
2026-06-11T11:04:18.231Z,1781104759940,1781104938088,,240,92,0,
2026-06-11T11:04:21.249Z,1781104759940,1781104938088,,234,92,0,
2026-06-11T11:04:24.270Z,1781104759940,1781104938088,,231,92,0,
2026-06-11T11:04:27.288Z,1781104759940,1781104938088,,234,92,0,
2026-06-11T11:04:30.301Z,1781104759940,1781104938088,,233,92,0,
2026-06-11T11:04:33.317Z,1781104759940,1781104938088,,242,92,0,
2026-06-11T11:04:36.329Z,1781104759940,1781104938088,,230,92,0,
2026-06-11T11:04:39.343Z,1781104759940,1781104938088,,245,92,0,
2026-06-11T11:04:42.359Z,1781104759940,1781104938088,,234,92,0,
2026-06-11T11:04:45.373Z,1781104759940,1781104938088,,244,92,0,
2026-06-11T11:04:48.385Z,1781104759940,1781104938088,,241,92,0,
2026-06-11T11:04:51.405Z,1781104759940,1781104938088,,241,92,0,
2026-06-11T11:04:54.424Z,1781104759940,1781104938088,,237,92,0,
2026-06-11T11:04:57.444Z,1781104759940,1781104938088,,242,92,0,
2026-06-11T11:05:00.460Z,1781104759940,1781104938088,,247,92,0,
2026-06-11T11:05:03.480Z,1781104759940,1781104938088,,246,92,0,
2026-06-11T11:05:06.501Z,1781104759940,1781104938088,,230,92,0,
2026-06-11T11:05:09.515Z,1781104759940,1781104938088,,234,92,0,
2026-06-11T11:05:12.535Z,1781104759940,1781104938088,,235,92,0,
2026-06-11T11:05:15.556Z,1781104759940,1781104938088,,230,92,0,
2026-06-11T11:05:18.568Z,1781104759940,1781104938088,,247,92,0,
2026-06-11T11:05:21.583Z,1781104759940,1781104938088,,236,92,0,
2026-06-11T11:05:24.602Z,1781104759940,1781104938088,,241,92,0,
2026-06-11T11:05:27.616Z,1781104759940,1781104938088,,236,92,0,
2026-06-11T11:05:30.630Z,1781104759940,1781104938088,,232,92,0,
2026-06-11T11:05:33.641Z,1781104759940,1781104938088,,233,92,0,
2026-06-11T11:05:36.648Z,1781104759940,1781104938088,,241,92,0,
2026-06-11T11:05:39.663Z,1781104759940,1781104938088,,249,92,0,
2026-06-11T11:05:42.681Z,1781104759940,1781104938088,,247,92,0,
2026-06-11T11:05:45.702Z,1781104759940,1781104938088,,233,92,0,
2026-06-11T11:05:48.727Z,1781104759940,1781104938088,,234,92,0,
2026-06-11T11:05:51.742Z,1781104759940,1781104938088,,245,92,0,
2026-06-11T11:05:54.754Z,1781104759940,1781104938088,,236,92,0,
2026-06-11T11:05:57.766Z,1781104759940,1781104938088,,233,92,0,
2026-06-11T11:06:00.783Z,1781104759940,1781104938088,,242,92,0,
2026-06-11T11:06:03.800Z,1781104759940,1781104938088,,246,92,0,
2026-06-11T11:06:06.820Z,1781104759940,1781104938088,,234,92,0,
2026-06-11T11:06:09.836Z,1781104759940,1781104938088,,238,92,0,
2026-06-11T11:06:12.852Z,1781104759940,1781104938088,,242,92,0,
2026-06-11T11:06:15.871Z,1781104759940,1781104938088,,245,92,0,
2026-06-11T11:06:18.889Z,1781104759940,1781104938088,,248,92,0,
2026-06-11T11:06:21.910Z,1781104759940,1781104938088,,236,92,0,
2026-06-11T11:06:24.921Z,1781104759940,1781104938088,,236,92,0,
2026-06-11T11:06:27.935Z,1781104759940,1781104938088,,234,92,0,
2026-06-11T11:06:30.954Z,1781104759940,1781104938088,,233,92,0,
2026-06-11T11:06:33.967Z,1781104759940,1781104938088,,245,92,0,
2026-06-11T11:06:36.986Z,1781104759940,1781104938088,,241,92,0,
2026-06-11T11:06:40.002Z,1781104759940,1781104938088,,233,92,0,
2026-06-11T11:06:43.026Z,1781104759940,1781104938088,,238,92,0,
2026-06-11T11:06:46.046Z,1781104759940,1781104938088,,242,92,0,
2026-06-11T11:06:49.057Z,1781104759940,1781104938088,,230,92,0,
2026-06-11T11:06:52.077Z,1781104759940,1781104938088,,241,92,0,
2026-06-11T11:06:55.092Z,1781104759940,1781104938088,,249,92,0,
2026-06-11T11:06:58.102Z,1781104759940,1781104938088,,230,92,0,
2026-06-11T11:07:01.116Z,1781104759940,1781104938088,,247,92,0,
2026-06-11T11:07:04.127Z,1781104759940,1781104938088,,245,92,0,
2026-06-11T11:07:07.139Z,1781104759940,1781104938088,,230,92,0,
2026-06-11T11:07:10.153Z,1781104759940,1781104938088,,231,92,0,
2026-06-11T11:07:13.174Z,1781104759940,1781104938088,,234,92,0,
2026-06-11T11:07:16.198Z,1781104759940,1781104938088,,247,92,0,
2026-06-11T11:07:19.212Z,1781104759940,1781104938088,,233,92,0,
2026-06-11T11:07:22.237Z,1781104759940,1781104938088,,238,92,0,
2026-06-11T11:09:41.305Z,1781104759940,1781104938088,,237,92,0,
2026-06-11T11:09:44.320Z,1781104759940,1781104938088,,232,92,0,
2026-06-11T11:09:47.330Z,1781104759940,1781104938088,,236,92,0,
2026-06-11T11:09:50.346Z,1781104759940,1781104938088,,232,92,0,
2026-06-11T11:09:53.361Z,1781104759940,1781104938088,,232,92,0,
2026-06-11T11:09:56.381Z,1781104759940,1781104938088,,240,92,0,
2026-06-11T11:09:59.403Z,1781104759940,1781104938088,,246,92,0,
2026-06-11T11:10:02.430Z,1781104759940,1781104938088,,248,92,0,
2026-06-11T11:10:05.450Z,1781104759940,1781104938088,,249,92,0,
2026-06-11T11:10:08.464Z,1781104759940,1781104938088,,234,92,0,
2026-06-11T11:10:11.480Z,1781104759940,1781104938088,,249,92,0,
2026-06-11T11:10:14.500Z,1781104759940,1781104938088,,233,92,0,
2026-06-11T11:10:17.511Z,1781104759940,1781104938088,,242,92,0,
2026-06-11T11:10:20.520Z,1781104759940,1781104938088,,242,92,0,
2026-06-11T11:10:23.541Z,1781104759940,1781104938088,,246,92,0,
2026-06-11T11:10:26.552Z,1781104759940,1781104938088,,237,92,0,
2026-06-11T11:10:29.562Z,1781104759940,1781104938088,,236,92,0,
2026-06-11T11:15:57.747Z,1781104759940,1781104938088,,239,92,0,
2026-06-11T11:16:00.792Z,1781104759940,1781104938088,,230,92,0,
2026-06-11T11:16:03.815Z,1781104759940,1781104938088,,248,92,0,
2026-06-11T11:16:06.838Z,1781104759940,1781104938088,,236,92,0,
2026-06-11T11:16:09.854Z,1781104759940,1781104938088,,233,92,0,
2026-06-11T11:16:12.868Z,1781104759940,1781104938088,,246,92,0,
2026-06-11T11:16:15.888Z,1781104759940,1781104938088,,240,92,0,
2026-06-11T11:16:18.904Z,1781104759940,1781104938088,,230,92,0,
2026-06-11T11:16:21.917Z,1781104759940,1781104938088,,245,92,0,
2026-06-11T11:16:24.927Z,1781104759940,1781104938088,,244,92,0,
2026-06-11T11:16:27.950Z,1781104759940,1781104938088,,242,92,0,
2026-06-11T11:16:30.972Z,1781104759940,1781104938088,,233,92,0,
2026-06-11T11:16:33.987Z,1781104759940,1781104938088,,245,92,0,
2026-06-11T11:16:37.005Z,1781104759940,1781104938088,,232,92,0,
2026-06-11T11:16:40.029Z,1781104759940,1781104938088,,232,92,0,
2026-06-11T11:16:43.044Z,1781104759940,1781104938088,,230,92,0,
2026-06-11T11:16:46.054Z,1781104759940,1781104938088,,240,92,0,
2026-06-11T11:16:49.078Z,1781104759940,1781104938088,,245,92,0,
2026-06-11T11:16:52.098Z,1781104759940,1781104938088,,230,92,0,
2026-06-11T11:16:55.114Z,1781104759940,1781104938088,,246,92,0,
2026-06-11T11:16:58.129Z,1781104759940,1781104938088,,241,92,0,
2026-06-11T11:17:01.151Z,1781104759940,1781104938088,,233,92,0,
2026-06-11T11:17:04.168Z,1781104759940,1781104938088,,233,92,0,
2026-06-11T11:17:07.195Z,1781104759940,1781104938088,,246,92,0,
2026-06-11T11:17:10.212Z,1781104759940,1781104938088,,241,92,0,
2026-06-11T11:17:13.223Z,1781104759940,1781104938088,,241,92,0,
2026-06-11T11:17:16.240Z,1781104759940,1781104938088,,249,92,0,
2026-06-11T11:17:19.264Z,1781104759940,1781104938088,,242,92,0,
2026-06-11T11:17:22.283Z,1781104759940,1781104938088,,235,92,0,
2026-06-11T11:17:25.300Z,1781104759940,1781104938088,,233,92,0,
2026-06-11T11:17:28.311Z,1781104759940,1781104938088,,246,92,0,
2026-06-11T11:17:31.332Z,1781104759940,1781104938088,,237,92,0,
2026-06-11T11:17:34.349Z,1781104759940,1781104938088,,237,92,0,
2026-06-11T11:17:37.366Z,1781104759940,1781104938088,,248,92,0,
2026-06-11T11:17:40.378Z,1781104759940,1781104938088,,249,92,0,
2026-06-11T11:17:43.392Z,1781104759940,1781104938088,,235,92,0,
2026-06-11T11:17:46.408Z,1781104759940,1781104938088,,245,92,0,
2026-06-11T11:17:49.426Z,1781104759940,1781104938088,,239,92,0,
2026-06-11T11:17:52.439Z,1781104759940,1781104938088,,240,92,0,
2026-06-11T11:17:55.453Z,1781104759940,1781104938088,,234,92,0,
2026-06-11T11:17:58.472Z,1781104759940,1781104938088,,234,92,0,
2026-06-11T11:18:01.491Z,1781104759940,1781104938088,,236,92,0,
2026-06-11T11:18:04.518Z,1781104759940,1781104938088,,244,92,0,
2026-06-11T11:18:07.536Z,1781104759940,1781104938088,,245,92,0,
2026-06-11T11:18:10.546Z,1781104759940,1781104938088,,232,92,0,
2026-06-11T11:18:13.571Z,1781104759940,1781104938088,,231,92,0,
2026-06-11T11:18:16.589Z,1781104759940,1781104938088,,233,92,0,
2026-06-11T11:18:19.616Z,1781104759940,1781104938088,,234,92,0,
2026-06-11T11:18:22.634Z,1781104759940,1781104938088,,235,92,0,
2026-06-11T11:18:25.656Z,1781104759940,1781104938088,,230,92,0,
2026-06-11T11:18:28.675Z,1781104759940,1781104938088,,248,92,0,
2026-06-11T11:18:31.690Z,1781104759940,1781104938088,,233,92,0,
2026-06-11T11:18:34.708Z,1781104759940,1781104938088,,230,92,0,
2026-06-11T11:18:37.727Z,1781104759940,1781104938088,,233,92,0,
2026-06-11T11:18:40.751Z,1781104759940,1781104938088,,236,92,0,
2026-06-11T11:18:43.774Z,1781104759940,1781104938088,,237,92,0,
2026-06-11T11:18:46.789Z,1781104759940,1781104938088,,232,92,0,
2026-06-11T11:18:49.806Z,1781104759940,1781104938088,,244,92,0,
2026-06-11T11:18:52.818Z,1781104759940,1781104938088,,244,92,0,
2026-06-11T11:18:55.835Z,1781104759940,1781104938088,,238,92,0,
2026-06-11T11:18:58.847Z,1781104759940,1781104938088,,247,92,0,
2026-06-11T11:19:01.856Z,1781104759940,1781104938088,,231,92,0,
2026-06-11T11:19:04.874Z,1781104759940,1781104938088,,244,92,0,
2026-06-11T11:19:07.889Z,1781104759940,1781104938088,,240,92,0,
2026-06-11T11:19:10.904Z,1781104759940,1781104938088,,233,92,0,
2026-06-11T11:19:13.922Z,1781104759940,1781104938088,,232,92,0,
2026-06-11T11:19:16.937Z,1781104759940,1781104938088,,240,92,0,
2026-06-11T11:19:19.966Z,1781104759940,1781104938088,,238,92,0,
2026-06-11T11:19:22.978Z,1781104759940,1781104938088,,246,92,0,
2026-06-11T11:19:25.992Z,1781104759940,1781104938088,,238,92,0,
2026-06-11T11:19:29.014Z,1781104759940,1781104938088,,248,92,0,
2026-06-11T11:19:32.029Z,1781104759940,1781104938088,,238,92,0,
2026-06-11T11:19:35.038Z,1781104759940,1781104938088,,249,92,0,
2026-06-11T11:19:38.056Z,1781104759940,1781104938088,,236,92,0,
2026-06-11T11:19:41.068Z,1781104759940,1781104938088,,230,92,0,
2026-06-11T11:19:44.100Z,1781104759940,1781104938088,,230,92,0,
2026-06-11T11:19:47.120Z,1781104759940,1781104938088,,233,92,0,
2026-06-11T11:19:50.133Z,1781104759940,1781104938088,,249,92,0,
2026-06-11T11:19:53.150Z,1781104759940,1781104938088,,249,92,0,
2026-06-11T11:19:56.165Z,1781104759940,1781104938088,,240,92,0,
2026-06-11T11:19:59.185Z,1781104759940,1781104938088,,233,92,0,
2026-06-11T11:20:02.205Z,1781104759940,1781104938088,,241,92,0,
2026-06-11T11:20:05.215Z,1781104759940,1781104938088,,239,92,0,
2026-06-11T11:20:08.234Z,1781104759940,1781104938088,,238,92,0,
2026-06-11T11:20:11.245Z,1781104759940,1781104938088,,241,92,0,
2026-06-11T11:20:14.264Z,1781104759940,1781104938088,,237,92,0,
2026-06-11T11:20:17.287Z,1781104759940,1781104938088,,242,92,0,
2026-06-11T11:20:20.301Z,1781104759940,1781104938088,,233,92,0,
2026-06-11T11:20:23.326Z,1781104759940,1781104938088,,248,92,0,
2026-06-11T11:20:26.335Z,1781104759940,1781104938088,,233,92,0,
2026-06-11T11:20:29.351Z,1781104759940,1781104938088,,240,92,0,
2026-06-11T11:20:32.361Z,1781104759940,1781104938088,,231,92,0,
2026-06-11T11:20:35.372Z,1781104759940,1781104938088,,230,92,0,
2026-06-11T11:20:38.387Z,1781104759940,1781104938088,,236,92,0,
2026-06-11T11:20:41.405Z,1781104759940,1781104938088,,236,92,0,
2026-06-11T11:20:44.425Z,1781104759940,1781104938088,,239,92,0,
2026-06-11T11:20:47.443Z,1781104759940,1781104938088,,244,92,0,
2026-06-11T11:20:50.459Z,1781104759940,1781104938088,,240,92,0,
2026-06-11T11:20:53.472Z,1781104759940,1781104938088,,237,92,0,
2026-06-11T11:20:56.486Z,1781104759940,1781104938088,,233,92,0,
2026-06-11T11:20:59.500Z,1781104759940,1781104938088,,249,92,0,
2026-06-11T11:21:02.514Z,1781104759940,1781104938088,,238,92,0,
2026-06-11T11:21:05.535Z,1781104759940,1781104938088,,245,92,0,
2026-06-11T11:21:08.549Z,1781104759940,1781104938088,,237,92,0,
2026-06-11T11:21:11.568Z,1781104759940,1781104938088,,235,92,0,
2026-06-11T11:21:14.582Z,1781104759940,1781104938088,,230,92,0,
2026-06-11T11:21:17.608Z,1781104759940,1781104938088,,236,92,0,
2026-06-11T11:21:20.627Z,1781104759940,1781104938088,,249,92,0,
2026-06-11T11:21:23.642Z,1781104759940,1781104938088,,237,92,0,
2026-06-11T11:21:26.659Z,1781104759940,1781104938088,,248,92,0,
2026-06-11T11:21:29.678Z,1781104759940,1781104938088,,233,92,0,
2026-06-11T11:21:32.695Z,1781104759940,1781104938088,,233,92,0,
2026-06-11T11:21:35.710Z,1781104759940,1781104938088,,240,92,0,
2026-06-11T11:21:38.726Z,1781104759940,1781104938088,,246,92,0,
2026-06-11T11:21:41.748Z,1781104759940,1781104938088,,231,92,0,
2026-06-11T11:21:44.759Z,1781104759940,1781104938088,,231,92,0,
2026-06-11T11:21:47.776Z,1781104759940,1781104938088,,232,92,0,
2026-06-11T11:21:50.795Z,1781104759940,1781104938088,,234,92,0,
2026-06-11T11:21:53.813Z,1781104759940,1781104938088,,241,92,0,
2026-06-11T11:21:56.824Z,1781104759940,1781104938088,,236,92,0,
2026-06-11T11:21:59.840Z,1781104759940,1781104938088,,233,92,0,
2026-06-11T11:22:02.852Z,1781104759940,1781104938088,,237,92,0,
2026-06-11T11:22:05.872Z,1781104759940,1781104938088,,237,92,0,
2026-06-11T11:22:08.902Z,1781104759940,1781104938088,,239,92,0,
2026-06-11T11:22:11.929Z,1781104759940,1781104938088,,244,92,0,
2026-06-11T11:42:59.915Z,1781104759940,1781104938088,,238,92,0,
2026-06-11T11:43:02.940Z,1781104759940,1781104938088,,236,92,0,
2026-06-11T11:43:05.952Z,1781104759940,1781104938088,,246,92,0,
2026-06-11T11:43:08.973Z,1781104759940,1781104938088,,246,92,0,
2026-06-11T11:43:11.984Z,1781104759940,1781104938088,,246,92,0,
2026-06-11T11:43:15.004Z,1781104759940,1781104938088,,234,92,0,
2026-06-11T11:43:18.018Z,1781104759940,1781104938088,,233,92,0,
2026-06-11T11:43:21.039Z,1781104759940,1781104938088,,242,92,0,
2026-06-11T11:43:24.051Z,1781104759940,1781104938088,,244,92,0,
2026-06-11T11:43:27.065Z,1781104759940,1781104938088,,241,92,0,
2026-06-11T11:43:30.082Z,1781104759940,1781104938088,,235,92,0,
2026-06-11T11:43:33.105Z,1781104759940,1781104938088,,242,92,0,
2026-06-11T11:43:36.121Z,1781104759940,1781104938088,,232,92,0,
2026-06-11T11:43:39.132Z,1781104759940,1781104938088,,238,92,0,
2026-06-11T11:43:42.152Z,1781104759940,1781104938088,,247,92,0,
2026-06-11T11:43:45.168Z,1781104759940,1781104938088,,235,92,0,
2026-06-11T11:43:48.185Z,1781104759940,1781104938088,,233,92,0,
2026-06-11T11:43:51.197Z,1781104759940,1781104938088,,234,92,0,
2026-06-11T11:43:54.225Z,1781104759940,1781104938088,,241,92,0,
2026-06-11T11:43:57.238Z,1781104759940,1781104938088,,247,92,0,
2026-06-11T11:44:00.267Z,1781104759940,1781104938088,,240,92,0,
2026-06-11T11:44:03.275Z,1781104759940,1781104938088,,238,92,0,
2026-06-11T11:44:06.296Z,1781104759940,1781104938088,,232,92,0,
2026-06-11T11:44:09.309Z,1781104759940,1781104938088,,230,92,0,
2026-06-11T11:44:12.332Z,1781104759940,1781104938088,,235,92,0,
2026-06-11T11:44:15.356Z,1781104759940,1781104938088,,232,92,0,
2026-06-11T11:44:18.372Z,1781104759940,1781104938088,,241,92,0,
2026-06-11T11:44:21.388Z,1781104759940,1781104938088,,233,92,0,
2026-06-11T11:44:24.402Z,1781104759940,1781104938088,,234,92,0,
2026-06-11T11:44:27.420Z,1781104759940,1781104938088,,234,92,0,
2026-06-11T11:44:30.437Z,1781104759940,1781104938088,,234,92,0,
2026-06-11T11:44:33.458Z,1781104759940,1781104938088,,231,92,0,
2026-06-11T11:44:36.476Z,1781104759940,1781104938088,,233,92,0,
2026-06-11T11:44:39.496Z,1781104759940,1781104938088,,234,92,0,
2026-06-11T11:44:42.511Z,1781104759940,1781104938088,,236,92,0,
2026-06-11T11:44:45.528Z,1781104759940,1781104938088,,249,92,0,
2026-06-11T11:44:48.544Z,1781104759940,1781104938088,,237,92,0,
2026-06-11T11:44:51.559Z,1781104759940,1781104938088,,237,92,0,
2026-06-11T11:44:54.569Z,1781104759940,1781104938088,,237,92,0,
2026-06-11T11:44:57.589Z,1781104759940,1781104938088,,241,92,0,
2026-06-11T11:45:00.607Z,1781104759940,1781104938088,,238,92,0,
2026-06-11T11:45:03.620Z,1781104759940,1781104938088,,248,92,0,
2026-06-11T11:45:06.632Z,1781104759940,1781104938088,,240,92,0,
2026-06-11T11:45:09.650Z,1781104759940,1781104938088,,246,92,0,
2026-06-11T11:45:12.668Z,1781104759940,1781104938088,,242,92,0,
2026-06-11T11:45:15.685Z,1781104759940,1781104938088,,241,92,0,
2026-06-11T11:45:18.700Z,1781104759940,1781104938088,,231,92,0,
2026-06-11T11:45:21.711Z,1781104759940,1781104938088,,240,92,0,
2026-06-11T11:45:24.733Z,1781104759940,1781104938088,,242,92,0,
2026-06-11T11:45:27.747Z,1781104759940,1781104938088,,240,92,0,
2026-06-11T11:45:30.761Z,1781104759940,1781104938088,,239,92,0,
2026-06-11T11:45:33.779Z,1781104759940,1781104938088,,232,92,0,
2026-06-11T11:45:36.795Z,1781104759940,1781104938088,,240,92,0,
2026-06-11T11:45:39.810Z,1781104759940,1781104938088,,230,92,0,
2026-06-11T11:45:42.819Z,1781104759940,1781104938088,,249,92,0,
2026-06-11T11:45:45.840Z,1781104759940,1781104938088,,232,92,0,
2026-06-11T11:45:48.851Z,1781104759940,1781104938088,,231,92,0,
2026-06-11T11:45:51.866Z,1781104759940,1781104938088,,245,92,0,
2026-06-11T11:45:54.886Z,1781104759940,1781104938088,,232,92,0,
2026-06-11T11:45:57.903Z,1781104759940,1781104938088,,237,92,0,
2026-06-11T11:46:00.918Z,1781104759940,1781104938088,,247,92,0,
2026-06-11T11:46:03.940Z,1781104759940,1781104938088,,237,92,0,
2026-06-11T11:46:06.949Z,1781104759940,1781104938088,,242,92,0,
2026-06-11T11:46:09.962Z,1781104759940,1781104938088,,234,92,0,
2026-06-11T11:46:12.971Z,1781104759940,1781104938088,,246,92,0,
2026-06-11T11:46:15.995Z,1781104759940,1781104938088,,235,92,0,
2026-06-11T11:46:19.014Z,1781104759940,1781104938088,,239,92,0,
2026-06-11T11:46:22.028Z,1781104759940,1781104938088,,242,92,0,
2026-06-11T11:46:25.043Z,1781104759940,1781104938088,,232,92,0,
2026-06-11T11:46:28.058Z,1781104759940,1781104938088,,247,92,0,
2026-06-11T11:46:31.073Z,1781104759940,1781104938088,,248,92,0,
2026-06-11T11:46:34.092Z,1781104759940,1781104938088,,231,92,0,
2026-06-11T11:46:37.102Z,1781104759940,1781104938088,,238,92,0,
2026-06-11T11:46:40.124Z,1781104759940,1781104938088,,246,92,0,
2026-06-11T11:46:43.145Z,1781104759940,1781104938088,,238,92,0,
2026-06-11T11:46:46.154Z,1781104759940,1781104938088,,241,92,0,
2026-06-11T11:46:49.173Z,1781104759940,1781104938088,,230,92,0,
2026-06-11T11:46:52.187Z,1781104759940,1781104938088,,235,92,0,
2026-06-11T11:46:55.202Z,1781104759940,1781104938088,,233,92,0,
2026-06-11T11:46:58.216Z,1781104759940,1781104938088,,247,92,0,
2026-06-11T11:47:01.238Z,1781104759940,1781104938088,,237,92,0,
2026-06-11T11:47:04.249Z,1781104759940,1781104938088,,239,92,0,
2026-06-11T11:47:07.264Z,1781104759940,1781104938088,,238,92,0,
2026-06-11T11:47:10.279Z,1781104759940,1781104938088,,234,92,0,
2026-06-11T11:47:13.295Z,1781104759940,1781104938088,,239,92,0,
2026-06-11T11:47:16.312Z,1781104759940,1781104938088,,238,92,0,
2026-06-11T11:47:19.324Z,1781104759940,1781104938088,,233,92,0,
2026-06-11T11:47:22.343Z,1781104759940,1781104938088,,248,92,0,
2026-06-11T11:47:25.361Z,1781104759940,1781104938088,,240,92,0,
2026-06-11T11:47:28.378Z,1781104759940,1781104938088,,234,92,0,
2026-06-11T11:47:31.389Z,1781104759940,1781104938088,,239,92,0,
2026-06-11T11:47:34.405Z,1781104759940,1781104938088,,240,92,0,
2026-06-11T11:47:37.422Z,1781104759940,1781104938088,,234,92,0,
2026-06-11T11:47:40.439Z,1781104759940,1781104938088,,248,92,0,
2026-06-11T11:47:43.452Z,1781104759940,1781104938088,,247,92,0,
2026-06-11T11:47:46.466Z,1781104759940,1781104938088,,231,92,0,
2026-06-11T11:47:49.483Z,1781104759940,1781104938088,,237,92,0,
2026-06-11T11:47:52.500Z,1781104759940,1781104938088,,236,92,0,
2026-06-11T11:47:55.508Z,1781104759940,1781104938088,,247,92,0,
2026-06-11T11:47:58.528Z,1781104759940,1781104938088,,232,92,0,
2026-06-11T11:48:01.540Z,1781104759940,1781104938088,,249,92,0,
2026-06-11T11:48:04.562Z,1781104759940,1781104938088,,234,92,0,
2026-06-11T11:48:07.570Z,1781104759940,1781104938088,,230,92,0,
2026-06-11T11:48:10.586Z,1781104759940,1781104938088,,237,92,0,
2026-06-11T11:48:13.601Z,1781104759940,1781104938088,,233,92,0,
2026-06-11T11:48:16.622Z,1781104759940,1781104938088,,245,92,0,
2026-06-11T11:48:19.637Z,1781104759940,1781104938088,,234,92,0,
2026-06-11T11:48:22.659Z,1781104759940,1781104938088,,233,92,0,
2026-06-11T11:48:25.670Z,1781104759940,1781104938088,,233,92,0,
2026-06-11T11:48:28.691Z,1781104759940,1781104938088,,244,92,0,
2026-06-11T11:48:31.703Z,1781104759940,1781104938088,,240,92,0,
2026-06-11T11:48:34.715Z,1781104759940,1781104938088,,247,92,0,
2026-06-11T11:48:37.734Z,1781104759940,1781104938088,,242,92,0,
2026-06-11T11:48:40.746Z,1781104759940,1781104938088,,231,92,0,
2026-06-11T11:48:43.757Z,1781104759940,1781104938088,,239,92,0,
2026-06-11T11:48:46.774Z,1781104759940,1781104938088,,239,92,0,
2026-06-11T11:48:49.790Z,1781104759940,1781104938088,,242,92,0,
2026-06-11T11:48:52.810Z,1781104759940,1781104938088,,236,92,0,
2026-06-11T11:48:55.822Z,1781104759940,1781104938088,,238,92,0,
2026-06-11T11:48:58.839Z,1781104759940,1781104938088,,249,92,0,
2026-06-11T11:49:01.850Z,1781104759940,1781104938088,,230,92,0,
2026-06-11T11:49:04.868Z,1781104759940,1781104938088,,244,92,0,
2026-06-11T11:49:07.888Z,1781104759940,1781104938088,,247,92,0,
2026-06-11T11:49:10.904Z,1781104759940,1781104938088,,234,92,0,
2026-06-11T11:49:13.920Z,1781104759940,1781104938088,,232,92,0,
2026-06-11T11:49:16.932Z,1781104759940,1781104938088,,242,92,0,
2026-06-11T11:49:19.948Z,1781104759940,1781104938088,,242,92,0,
2026-06-11T11:49:22.970Z,1781104759940,1781104938088,,230,92,0,
2026-06-11T11:49:25.985Z,1781104759940,1781104938088,,244,92,0,
2026-06-11T11:49:29.000Z,1781104759940,1781104938088,,242,92,0,
2026-06-11T11:49:32.023Z,1781104759940,1781104938088,,234,92,0,
2026-06-11T11:49:35.035Z,1781104759940,1781104938088,,239,92,0,
2026-06-11T11:49:38.058Z,1781104759940,1781104938088,,236,92,0,
2026-06-11T11:49:41.067Z,1781104759940,1781104938088,,233,92,0,
2026-06-11T11:49:44.088Z,1781104759940,1781104938088,,245,92,0,
2026-06-11T11:49:47.106Z,1781104759940,1781104938088,,237,92,0,
2026-06-11T11:49:50.121Z,1781104759940,1781104938088,,234,92,0,
2026-06-11T11:49:53.139Z,1781104759940,1781104938088,,232,92,0,
2026-06-11T11:49:56.154Z,1781104759940,1781104938088,,238,92,0,
2026-06-11T11:49:59.175Z,1781104759940,1781104938088,,249,92,0,
2026-06-11T11:50:02.198Z,1781104759940,1781104938088,,236,92,0,
2026-06-11T11:50:05.205Z,1781104759940,1781104938088,,248,92,0,
2026-06-11T11:50:08.220Z,1781104759940,1781104938088,,247,92,0,
2026-06-11T11:50:11.234Z,1781104759940,1781104938088,,237,92,0,
2026-06-11T11:50:14.255Z,1781104759940,1781104938088,,241,92,0,
2026-06-11T11:50:17.270Z,1781104759940,1781104938088,,233,92,0,
2026-06-11T11:50:20.280Z,1781104759940,1781104938088,,235,92,0,
2026-06-11T11:50:23.298Z,1781104759940,1781104938088,,241,92,0,
